-- phpMyAdmin SQL Dump
-- version 4.7.4
-- https://www.phpmyadmin.net/
--
-- Host: 127.0.0.1
-- Czas generowania: 25 Maj 2021, 11:20
-- Wersja serwera: 10.1.28-MariaDB
-- Wersja PHP: 7.1.11

SET SQL_MODE = "NO_AUTO_VALUE_ON_ZERO";
SET AUTOCOMMIT = 0;
START TRANSACTION;
SET time_zone = "+00:00";


/*!40101 SET @OLD_CHARACTER_SET_CLIENT=@@CHARACTER_SET_CLIENT */;
/*!40101 SET @OLD_CHARACTER_SET_RESULTS=@@CHARACTER_SET_RESULTS */;
/*!40101 SET @OLD_COLLATION_CONNECTION=@@COLLATION_CONNECTION */;
/*!40101 SET NAMES utf8mb4 */;

--
-- Baza danych: `rentacar`
--


DROP DATABASE IF EXISTS rentacar;

CREATE DATABASE IF NOT EXISTS `rentacar` DEFAULT CHARACTER SET utf8mb4 COLLATE utf8mb4_unicode_ci;
USE `rentacar`;

-- --------------------------------------------------------

--
-- Struktura tabeli dla tabeli `aircraft`
--


CREATE TABLE IF NOT EXISTS  `rental` (
  `rental_id` int NOT NULL AUTO_INCREMENT,
  `name` varchar(128) NOT NULL,
  `address` varchar(256) NOT NULL,
  `city` varchar(64) NOT NULL,
  PRIMARY KEY (`rental_id`)
)  ENGINE=InnoDB AUTO_INCREMENT=6 DEFAULT CHARSET=utf8mb4 COLLATE=utf8mb4_unicode_ci;


--
-- Dumping data for table `rental`
--

LOCK TABLES `rental` WRITE;
/*!40000 ALTER TABLE `rental` DISABLE KEYS */;
INSERT INTO `rental` VALUES (1,'Kołolsky Inc.','Jagiełły 32','Warszawa'),(2,'Riddle Sp. Z.O.O.','Kogośtam 23','Kraków'),(3,'Auta Sp. Z.O.O.','Jakaśtam 123','Wrocław');
/*!40000 ALTER TABLE `rental` ENABLE KEYS */;
UNLOCK TABLES;


CREATE TABLE IF NOT EXISTS `car` (
  `car_id` int NOT NULL AUTO_INCREMENT,
  `rental_id` int NOT NULL,
  `make` varchar(64) NOT NULL,
  `model` varchar(128) NOT NULL,
  `year` int DEFAULT NULL,
  `fuel` varchar(32) DEFAULT NULL,
  `mileage` int DEFAULT NULL,
  `price` varchar(32) NOT NULL,
  `availability` varchar(32) NOT NULL,
  `borrowed` tinyint NOT NULL DEFAULT '0',
  PRIMARY KEY (`car_id`),
  KEY `car_rental_idx` (`rental_id`),
  CONSTRAINT `car_rental` FOREIGN KEY (`rental_id`) REFERENCES `rental` (`rental_id`)
)  ENGINE=InnoDB AUTO_INCREMENT=1002 DEFAULT CHARSET=utf8mb4 COLLATE=utf8mb4_unicode_ci;


--
-- Dumping data for table `car`
--

LOCK TABLES `car` WRITE;
/*!40000 ALTER TABLE `car` DISABLE KEYS */;
INSERT INTO `car` VALUES (1,2,'Lexus','SC',NULL,NULL,NULL,'10224.9','dostępny po zamówieniu',1),(2,2,'Honda','Prelude',NULL,NULL,NULL,'17223.78','dostępny od ręki',0),(3,2,'Mercury','Grand Marquis',1999,'elektryczny',234146,'67982.88','dostępny pod innym adresem',1),(4,3,'Dodge','Dakota Club',NULL,NULL,NULL,'8225.18','dostępny od ręki',0),(5,2,'Cadillac','Escalade ESV',2010,'benzyna',134573,'35938.89','dostępny pod innym adresem',0),(6,3,'Mercedes-Benz','500SL',1993,'benzyna + LPG',95189,'16418.92','dostępny od ręki',1),(7,2,'GMC','Yukon',2012,'benzyna + CNG',357608,'75625.7','dostępny pod innym adresem',1),(8,2,'Ford','Thunderbird',1984,'benzyna',365244,'19305.83','dostępny po zamówieniu',1),(9,2,'BMW','7 Series',1997,'diesel',458421,'47911.65','dostępny po zamówieniu',0),(10,3,'Jaguar','XF',NULL,NULL,NULL,'77003.04','dostępny po zamówieniu',0),(11,2,'Maserati','Biturbo',1985,'elektryczny',138959,'27000.75','dostępny po zamówieniu',0),(12,2,'Mitsubishi','Tredia',1986,'benzyna',245577,'68718.56','dostępny po zamówieniu',0),(13,2,'Cadillac','Escalade ESV',NULL,NULL,NULL,'75645.11','dostępny po zamówieniu',0),(14,1,'Mercury','Mystique',1999,'benzyna + LPG',123108,'53150.73','dostępny pod innym adresem',1),(15,1,'Toyota','RAV4',1997,'diesel',178046,'97241.71','dostępny pod innym adresem',1),(16,3,'Isuzu','Trooper',2002,'benzyna + LPG',246898,'64251.85','dostępny pod innym adresem',0),(17,3,'Ford','Freestyle',2006,'diesel',221411,'5078.94','dostępny od ręki',0),(18,1,'Mercury','Mountaineer',NULL,NULL,NULL,'83529.04','dostępny po zamówieniu',1),(19,2,'Volkswagen','rio',1998,'benzyna',497012,'85202.11','dostępny pod innym adresem',1),(20,1,'Mazda','MX-5',2009,'benzyna + CNG',191226,'12935.19','dostępny pod innym adresem',0),(21,1,'Lotus','Esprit',NULL,NULL,NULL,'69996.97','dostępny po zamówieniu',1),(22,1,'BMW','M3',NULL,NULL,NULL,'2281.77','dostępny po zamówieniu',1),(23,1,'Ford','Mustang',NULL,NULL,NULL,'22241.68','dostępny od ręki',0),(24,3,'Maserati','Biturbo',1987,'elektryczny',494579,'98667.68','dostępny po zamówieniu',1),(25,3,'Chevrolet','2500',1999,'hybryda',172379,'87717.83','dostępny po zamówieniu',0),(26,1,'BMW','7 Series',NULL,NULL,NULL,'57318.89','dostępny od ręki',0),(27,3,'Ford','F250',NULL,NULL,NULL,'2060.25','dostępny pod innym adresem',0),(28,1,'Buick','LaCrosse',NULL,NULL,NULL,'29283.31','dostępny pod innym adresem',1),(29,3,'Mazda','929',1994,'hybryda',172549,'17213.93','dostępny od ręki',0),(30,1,'Lincoln','MKT',2011,'benzyna',320916,'82523.21','dostępny po zamówieniu',1),(31,1,'GMC','1500 Club Coupe',1993,'benzyna + CNG',405772,'94093.76','dostępny po zamówieniu',1),(32,1,'Mitsubishi','Montero',2001,'hybryda',121597,'95903.57','dostępny pod innym adresem',1),(33,2,'Infiniti','JX',2013,'diesel',346254,'56740.34','dostępny od ręki',1),(34,3,'Chrysler','Voyager',2001,'benzyna',323260,'26289.49','dostępny pod innym adresem',0),(35,3,'Volvo','V90',1997,'benzyna + LPG',374932,'31658.73','dostępny po zamówieniu',0),(36,1,'Chevrolet','Express 2500',NULL,NULL,NULL,'7331.93','dostępny od ręki',1),(37,2,'Hyundai','Santa Fe',2003,'hybryda',478569,'55374.64','dostępny po zamówieniu',1),(38,1,'BMW','5 Series',2005,'elektryczny',281844,'64962.35','dostępny po zamówieniu',1),(39,2,'Jaguar','XJ',2010,'benzyna',389165,'23158.04','dostępny po zamówieniu',0),(40,1,'Chevrolet','Corvette',1992,'benzyna + CNG',301245,'35710.82','dostępny po zamówieniu',0),(41,1,'Dodge','Intrepid',2002,'benzyna',177818,'79465.8','dostępny pod innym adresem',1),(42,1,'Ford','Mustang',1965,'benzyna + LPG',220458,'65560.0','dostępny od ręki',0),(43,3,'Honda','Prelude',NULL,NULL,NULL,'56558.2','dostępny pod innym adresem',1),(44,3,'Ford','Mustang',1972,'benzyna + CNG',71314,'37490.68','dostępny od ręki',1),(45,1,'Honda','CR-V',2000,'diesel',321975,'41388.26','dostępny po zamówieniu',0),(46,2,'Cadillac','CTS-V',2006,'hybryda',189681,'83985.98','dostępny pod innym adresem',0),(47,2,'Pontiac','Firebird',NULL,NULL,NULL,'74635.33','dostępny pod innym adresem',0),(48,3,'Mazda','Millenia',1995,'benzyna',380783,'1265.36','dostępny po zamówieniu',1),(49,2,'Dodge','Charger',2009,'elektryczny',435591,'4270.87','dostępny po zamówieniu',1),(50,3,'Lexus','ES',NULL,NULL,NULL,'17257.63','dostępny po zamówieniu',0),(51,1,'Jaguar','XK',2011,'benzyna + LPG',251090,'31035.8','dostępny po zamówieniu',1),(52,2,'Cadillac','CTS',NULL,NULL,NULL,'54942.1','dostępny po zamówieniu',1),(53,1,'Mazda','Tribute',2004,'elektryczny',270662,'84539.55','dostępny po zamówieniu',0),(54,1,'Maserati','Spyder',2005,'benzyna',367111,'16187.73','dostępny po zamówieniu',0),(55,1,'Honda','Accord',2010,'elektryczny',461423,'4838.19','dostępny pod innym adresem',1),(56,1,'Ford','LTD Crown Victoria',1989,'benzyna',68857,'33475.61','dostępny pod innym adresem',0),(57,3,'Ford','F350',2009,'diesel',70197,'95760.67','dostępny pod innym adresem',1),(58,1,'Chevrolet','Impala',2005,'benzyna + LPG',201064,'80213.07','dostępny po zamówieniu',1),(59,2,'Nissan','Maxima',NULL,NULL,NULL,'26192.59','dostępny pod innym adresem',1),(60,2,'Bentley','Azure',2006,'benzyna + CNG',88301,'45632.08','dostępny od ręki',1),(61,1,'Volkswagen','rio',1996,'benzyna',334799,'2051.11','dostępny pod innym adresem',0),(62,1,'Saab','9-5',1999,'benzyna + LPG',370963,'51402.23','dostępny pod innym adresem',1),(63,1,'Porsche','968',1992,'hybryda',112647,'3944.67','dostępny pod innym adresem',1),(64,3,'Chevrolet','Classic',2005,'elektryczny',116951,'21517.85','dostępny od ręki',0),(65,2,'Chevrolet','Camaro',2011,'benzyna',120325,'96147.82','dostępny po zamówieniu',1),(66,2,'Nissan','Altima',2000,'benzyna + CNG',439096,'60129.11','dostępny od ręki',0),(67,3,'Oldsmobile','Toronado',1992,'diesel',124233,'72450.02','dostępny od ręki',0),(68,2,'Dodge','Ram Van 3500',NULL,NULL,NULL,'70463.16','dostępny od ręki',1),(69,1,'Pontiac','Vibe',2006,'diesel',334506,'2042.34','dostępny po zamówieniu',1),(70,1,'Hyundai','Santa Fe',2004,'elektryczny',328750,'55217.56','dostępny po zamówieniu',1),(71,3,'Dodge','Dakota',2005,'elektryczny',183120,'75431.71','dostępny pod innym adresem',1),(72,3,'Toyota','MR2',1987,'diesel',226949,'79669.28','dostępny po zamówieniu',0),(73,1,'Pontiac','Montana',NULL,NULL,NULL,'8608.0','dostępny po zamówieniu',0),(74,3,'Mercury','Cougar',NULL,NULL,NULL,'43877.32','dostępny po zamówieniu',1),(75,2,'Suzuki','SJ 410',1984,'benzyna + LPG',110882,'45776.34','dostępny pod innym adresem',0),(76,3,'Porsche','928',1993,'benzyna',460630,'38558.51','dostępny od ręki',1),(77,3,'Suzuki','Reno',NULL,NULL,NULL,'92202.82','dostępny od ręki',0),(78,2,'Scion','iQ',2012,'benzyna + CNG',305510,'27845.22','dostępny po zamówieniu',0),(79,1,'Ford','Expedition',1998,'elektryczny',357874,'35446.7','dostępny od ręki',1),(80,2,'Buick','Electra',1984,'elektryczny',451730,'9064.56','dostępny pod innym adresem',1),(81,2,'Mercury','Marquis',1985,'benzyna + CNG',157104,'98530.94','dostępny po zamówieniu',1),(82,3,'Cadillac','Seville',NULL,NULL,NULL,'1071.6','dostępny po zamówieniu',1),(83,2,'Dodge','Dynasty',1992,'diesel',174253,'66036.48','dostępny po zamówieniu',1),(84,1,'Volkswagen','CC',NULL,NULL,NULL,'4717.15','dostępny po zamówieniu',1),(85,1,'Hummer','H1',1997,'hybryda',93053,'29609.46','dostępny pod innym adresem',1),(86,2,'Chevrolet','Camaro',NULL,NULL,NULL,'81172.68','dostępny po zamówieniu',1),(87,1,'Hyundai','Sonata',2004,'benzyna',345759,'2088.41','dostępny od ręki',0),(88,2,'Mercury','Cougar',NULL,NULL,NULL,'51091.04','dostępny pod innym adresem',0),(89,2,'Lincoln','MKX',NULL,NULL,NULL,'30151.73','dostępny po zamówieniu',1),(90,2,'Kia','Rio',2009,'hybryda',219391,'2692.82','dostępny po zamówieniu',0),(91,1,'Toyota','Prius',NULL,NULL,NULL,'5003.95','dostępny pod innym adresem',1),(92,2,'GMC','Savana 2500',NULL,NULL,NULL,'97897.1','dostępny po zamówieniu',1),(93,1,'Ford','Crown Victoria',1998,'benzyna',72193,'17398.57','dostępny od ręki',0),(94,2,'BMW','X3',NULL,NULL,NULL,'59616.75','dostępny po zamówieniu',0),(95,1,'Chevrolet','Avalanche 2500',2003,'diesel',114676,'42788.23','dostępny pod innym adresem',1),(96,3,'BMW','M3',NULL,NULL,NULL,'60991.23','dostępny po zamówieniu',0),(97,2,'Honda','Accord',1985,'diesel',400005,'9310.82','dostępny po zamówieniu',1),(98,3,'Chrysler','LHS',NULL,NULL,NULL,'41704.82','dostępny po zamówieniu',1),(99,3,'Saab','9-5',2008,'benzyna + CNG',211096,'52751.37','dostępny pod innym adresem',0),(100,3,'GMC','Vandura 2500',1992,'benzyna',237537,'57640.61','dostępny od ręki',0),(101,3,'Ford','E150',2008,'hybryda',428658,'77668.78','dostępny pod innym adresem',1),(102,3,'Porsche','911',2002,'diesel',139849,'10686.38','dostępny pod innym adresem',1),(103,2,'Mercury','Topaz',1993,'diesel',219012,'35492.01','dostępny pod innym adresem',0),(104,2,'Lincoln','Town Car',1985,'benzyna + LPG',430149,'33123.24','dostępny od ręki',1),(105,3,'Subaru','SVX',1997,'diesel',387234,'94928.71','dostępny po zamówieniu',0),(106,2,'Jeep','Cherokee',NULL,NULL,NULL,'14272.7','dostępny od ręki',0),(107,2,'Toyota','Tacoma',NULL,NULL,NULL,'37167.05','dostępny pod innym adresem',1),(108,3,'Mercury','Monterey',NULL,NULL,NULL,'82864.62','dostępny od ręki',1),(109,2,'Lamborghini','Diablo',1995,'diesel',360464,'38661.02','dostępny od ręki',0),(110,1,'Dodge','Stratus',NULL,NULL,NULL,'85149.28','dostępny pod innym adresem',0),(111,1,'Dodge','Ram 2500',1995,'hybryda',318479,'80731.65','dostępny po zamówieniu',0),(112,2,'Daewoo','Lanos',1999,'hybryda',214916,'18971.84','dostępny od ręki',1),(113,3,'Ford','Thunderbird',1972,'hybryda',170368,'77792.16','dostępny od ręki',1),(114,2,'Chevrolet','Suburban',2009,'hybryda',464363,'22079.92','dostępny po zamówieniu',0),(115,1,'Dodge','Dakota Club',2002,'diesel',78437,'94130.57','dostępny pod innym adresem',1),(116,2,'Pontiac','Trans Sport',1995,'benzyna + LPG',113832,'84265.54','dostępny po zamówieniu',1),(117,3,'Jaguar','XJ Series',2004,'benzyna',459481,'64192.36','dostępny pod innym adresem',1),(118,2,'Ford','Bronco II',NULL,NULL,NULL,'26754.38','dostępny po zamówieniu',1),(119,1,'Porsche','911',2002,'benzyna + LPG',154439,'98897.59','dostępny po zamówieniu',0),(120,3,'Ford','LTD Crown Victoria',NULL,NULL,NULL,'94634.38','dostępny od ręki',0),(121,2,'Infiniti','QX',2005,'diesel',105380,'22665.83','dostępny od ręki',0),(122,3,'Land Rover','Range Rover',2008,'benzyna + LPG',430081,'76757.8','dostępny pod innym adresem',1),(123,3,'Ford','Thunderbird',NULL,NULL,NULL,'29593.39','dostępny pod innym adresem',0),(124,3,'GMC','2500 Club Coupe',1996,'elektryczny',219817,'63098.03','dostępny po zamówieniu',0),(125,1,'Jeep','Compass',NULL,NULL,NULL,'41816.87','dostępny po zamówieniu',1),(126,3,'Chevrolet','Tracker',2000,'benzyna + CNG',262514,'97873.13','dostępny po zamówieniu',0),(127,2,'Mitsubishi','Pajero',1992,'elektryczny',415155,'87969.58','dostępny pod innym adresem',1),(128,2,'Ford','F250',1998,'benzyna + LPG',181869,'77131.56','dostępny od ręki',0),(129,1,'Honda','Pilot',2007,'diesel',408283,'53979.23','dostępny po zamówieniu',1),(130,2,'GMC','Canyon',2010,'benzyna + CNG',390001,'44281.82','dostępny po zamówieniu',1),(131,2,'Chevrolet','Aveo',NULL,NULL,NULL,'65377.22','dostępny od ręki',0),(132,1,'Ford','F-Series',NULL,NULL,NULL,'87128.35','dostępny pod innym adresem',1),(133,1,'Mercury','Mountaineer',2007,'elektryczny',145579,'47751.28','dostępny po zamówieniu',1),(134,2,'Rolls-Royce','Phantom',2011,'benzyna + LPG',213319,'19658.45','dostępny od ręki',1),(135,3,'Toyota','RAV4',NULL,NULL,NULL,'99480.45','dostępny od ręki',0),(136,3,'Lexus','SC',2003,'benzyna + LPG',114027,'70893.12','dostępny pod innym adresem',1),(137,1,'Mercedes-Benz','SL-Class',2004,'benzyna',218724,'99841.56','dostępny po zamówieniu',1),(138,2,'Lotus','Esprit',1993,'hybryda',398835,'39076.01','dostępny od ręki',1),(139,2,'Chevrolet','1500',1994,'diesel',424270,'72097.03','dostępny od ręki',1),(140,2,'Lamborghini','Murciélago',2003,'elektryczny',422013,'78614.11','dostępny pod innym adresem',0),(141,3,'Ford','Falcon',1967,'elektryczny',272951,'49783.76','dostępny od ręki',0),(142,1,'Mercedes-Benz','Sprinter 3500',NULL,NULL,NULL,'69041.56','dostępny od ręki',1),(143,1,'Subaru','Outback',NULL,NULL,NULL,'64503.43','dostępny od ręki',1),(144,3,'Mercury','Villager',1997,'benzyna + LPG',473397,'95900.13','dostępny po zamówieniu',1),(145,2,'Nissan','Altima',1998,'diesel',251655,'72451.28','dostępny od ręki',1),(146,1,'Pontiac','Sunbird',1993,'benzyna + LPG',343047,'33756.61','dostępny po zamówieniu',1),(147,1,'Audi','Coupe Quattro',1991,'hybryda',149296,'73643.73','dostępny po zamówieniu',1),(148,1,'Mercedes-Benz','G-Class',2008,'elektryczny',392743,'55564.99','dostępny po zamówieniu',1),(149,2,'Ford','Ranger',NULL,NULL,NULL,'96163.7','dostępny od ręki',1),(150,3,'Cadillac','DeVille',NULL,NULL,NULL,'40180.61','dostępny po zamówieniu',0),(151,2,'Mitsubishi','Pajero',1987,'benzyna',90540,'40611.95','dostępny po zamówieniu',1),(152,2,'Rolls-Royce','Ghost',2012,'hybryda',305287,'97980.53','dostępny od ręki',0),(153,2,'Daewoo','Leganza',1999,'hybryda',126491,'57482.09','dostępny po zamówieniu',0),(154,2,'Chrysler','Town & Country',2000,'diesel',384479,'82961.26','dostępny po zamówieniu',1),(155,2,'Volvo','S80',2006,'benzyna',376194,'12536.84','dostępny pod innym adresem',0),(156,3,'Volkswagen','Golf',1987,'benzyna + LPG',280233,'90438.18','dostępny po zamówieniu',0),(157,1,'Lincoln','Mark VIII',1995,'benzyna + LPG',381738,'55267.73','dostępny od ręki',1),(158,2,'Dodge','Charger',2012,'diesel',227528,'45358.51','dostępny pod innym adresem',1),(159,2,'Suzuki','Vitara',2003,'diesel',288478,'95332.47','dostępny od ręki',0),(160,1,'Lotus','Elan',1990,'diesel',57111,'60062.71','dostępny pod innym adresem',1),(161,2,'Chevrolet','Express 2500',NULL,NULL,NULL,'33318.0','dostępny pod innym adresem',1),(162,3,'Plymouth','Acclaim',1995,'benzyna',340668,'50410.43','dostępny od ręki',0),(163,2,'Land Rover','Discovery',2000,'benzyna + LPG',139693,'18023.25','dostępny pod innym adresem',0),(164,1,'Ford','Bronco',NULL,NULL,NULL,'23803.14','dostępny pod innym adresem',0),(165,1,'Kia','Sedona',2002,'benzyna + LPG',122398,'19036.87','dostępny po zamówieniu',0),(166,1,'GMC','Vandura 3500',1994,'diesel',210469,'52933.53','dostępny od ręki',0),(167,2,'Fiat','500',2012,'benzyna + LPG',443548,'92504.94','dostępny pod innym adresem',0),(168,2,'Mazda','Miata MX-5',2004,'benzyna + CNG',397570,'56225.07','dostępny od ręki',0),(169,2,'Subaru','Impreza',2008,'benzyna + LPG',101191,'19839.73','dostępny od ręki',1),(170,1,'Suzuki','SJ',1993,'elektryczny',486124,'71129.8','dostępny po zamówieniu',0),(171,3,'Pontiac','LeMans',NULL,NULL,NULL,'28396.57','dostępny po zamówieniu',1),(172,2,'Bentley','Continental GT',2007,'hybryda',376131,'97668.75','dostępny od ręki',1),(173,3,'Saturn','Sky',NULL,NULL,NULL,'31464.84','dostępny pod innym adresem',1),(174,1,'Nissan','Frontier',2002,'hybryda',497657,'73750.75','dostępny od ręki',1),(175,2,'Audi','S4',1994,'benzyna + CNG',73198,'30423.02','dostępny po zamówieniu',1),(176,3,'Mercedes-Benz','R-Class',NULL,NULL,NULL,'89250.73','dostępny od ręki',1),(177,2,'Ford','E-Series',1990,'elektryczny',94841,'41960.97','dostępny pod innym adresem',0),(178,2,'Chevrolet','3500',2000,'benzyna + CNG',127940,'14294.81','dostępny po zamówieniu',0),(179,3,'Toyota','Yaris',2012,'diesel',199477,'83013.52','dostępny pod innym adresem',0),(180,1,'Ford','F250',NULL,NULL,NULL,'86712.37','dostępny po zamówieniu',1),(181,2,'Lexus','IS',NULL,NULL,NULL,'32879.81','dostępny po zamówieniu',0),(182,3,'Kia','Sephia',NULL,NULL,NULL,'59759.55','dostępny od ręki',1),(183,3,'GMC','Savana 1500',1998,'diesel',231033,'60754.8','dostępny pod innym adresem',1),(184,2,'Kia','Optima',2008,'hybryda',437797,'98432.66','dostępny pod innym adresem',1),(185,2,'Pontiac','GTO',2004,'elektryczny',322434,'70409.04','dostępny od ręki',0),(186,2,'Buick','Rainier',2006,'benzyna + LPG',196686,'12851.96','dostępny po zamówieniu',1),(187,2,'Volkswagen','New Beetle',2010,'hybryda',78955,'2647.39','dostępny po zamówieniu',0),(188,2,'Ford','F150',1997,'benzyna + CNG',277503,'60392.34','dostępny od ręki',0),(189,3,'Mercedes-Benz','SLK-Class',NULL,NULL,NULL,'92406.38','dostępny pod innym adresem',1),(190,2,'Dodge','Ram Wagon B150',1993,'diesel',126996,'79051.44','dostępny pod innym adresem',0),(191,1,'Chevrolet','Express 2500',2008,'benzyna + LPG',86636,'92863.78','dostępny pod innym adresem',0),(192,1,'Nissan','Frontier',2002,'diesel',411337,'53849.3','dostępny od ręki',1),(193,2,'GMC','Yukon',2000,'diesel',404605,'6468.45','dostępny pod innym adresem',0),(194,2,'MINI','Cooper Countryman',NULL,NULL,NULL,'40959.98','dostępny pod innym adresem',1),(195,1,'Mercedes-Benz','SL-Class',2002,'benzyna + LPG',423640,'45761.38','dostępny od ręki',1),(196,1,'BMW','Z4',NULL,NULL,NULL,'57848.18','dostępny pod innym adresem',1),(197,1,'Volvo','V90',NULL,NULL,NULL,'47221.38','dostępny od ręki',1),(198,3,'Land Rover','Discovery',1997,'benzyna',75848,'31600.7','dostępny pod innym adresem',1),(199,2,'Ford','Probe',1993,'benzyna + LPG',396276,'49114.63','dostępny od ręki',0),(200,3,'Dodge','Challenger',2008,'hybryda',368164,'42056.79','dostępny od ręki',1),(201,2,'Toyota','Corolla',NULL,NULL,NULL,'59539.71','dostępny od ręki',0),(202,3,'Mercedes-Benz','M-Class',2007,'elektryczny',213203,'6677.72','dostępny od ręki',1),(203,3,'Subaru','Legacy',NULL,NULL,NULL,'16452.43','dostępny po zamówieniu',0),(204,3,'Volkswagen','Phaeton',2006,'benzyna + CNG',254740,'67730.7','dostępny po zamówieniu',0),(205,3,'Chevrolet','Suburban',2008,'benzyna',376759,'23841.06','dostępny od ręki',1),(206,3,'Mitsubishi','Pajero',2003,'elektryczny',486796,'27808.73','dostępny od ręki',1),(207,3,'Ford','Tempo',1993,'benzyna + CNG',169858,'65397.62','dostępny po zamówieniu',0),(208,3,'Chevrolet','Camaro',1992,'benzyna + CNG',467876,'74348.28','dostępny pod innym adresem',0),(209,3,'Honda','Accord',NULL,NULL,NULL,'59068.82','dostępny od ręki',1),(210,3,'Honda','Insight',2010,'benzyna + LPG',201750,'50524.97','dostępny od ręki',0),(211,2,'Volvo','V50',2005,'benzyna',424581,'84259.81','dostępny od ręki',0),(212,2,'Land Rover','Defender',NULL,NULL,NULL,'73442.53','dostępny po zamówieniu',0),(213,1,'Mercury','Montego',NULL,NULL,NULL,'13187.27','dostępny po zamówieniu',0),(215,3,'Mazda','B-Series',2005,'benzyna + LPG',251564,'39435.72','dostępny pod innym adresem',0),(216,1,'Buick','Park Avenue',1998,'benzyna',382977,'71570.18','dostępny po zamówieniu',1),(217,2,'Mercedes-Benz','300E',1992,'elektryczny',446284,'88490.21','dostępny pod innym adresem',1),(218,1,'Ford','Ranger',2007,'diesel',419410,'89755.78','dostępny po zamówieniu',0),(219,1,'Chevrolet','Suburban',2006,'benzyna + LPG',244337,'18284.23','dostępny od ręki',1),(220,3,'Ford','Laser',1985,'hybryda',81289,'41772.42','dostępny od ręki',1),(221,2,'GMC','1500',NULL,NULL,NULL,'27622.86','dostępny pod innym adresem',0),(222,2,'Ford','Explorer',2008,'benzyna + LPG',225312,'82827.93','dostępny od ręki',1),(223,2,'Volkswagen','Fox',1987,'benzyna + LPG',144373,'69580.45','dostępny po zamówieniu',0),(224,2,'Mitsubishi','Chariot',1993,'benzyna',102685,'40813.53','dostępny pod innym adresem',0),(225,3,'Ford','E150',2008,'benzyna + CNG',135644,'9669.9','dostępny po zamówieniu',0),(226,3,'Chevrolet','Camaro',NULL,NULL,NULL,'26999.25','dostępny pod innym adresem',1),(227,3,'Jeep','Grand Cherokee',NULL,NULL,NULL,'38487.24','dostępny od ręki',0),(228,1,'Honda','Odyssey',2012,'benzyna + CNG',300957,'22758.5','dostępny od ręki',1),(229,2,'Mitsubishi','Montero Sport',NULL,NULL,NULL,'70690.08','dostępny po zamówieniu',0),(230,2,'Buick','LeSabre',NULL,NULL,NULL,'58795.02','dostępny od ręki',1),(231,2,'BMW','7 Series',1995,'benzyna + CNG',428902,'42917.98','dostępny od ręki',0),(232,1,'Volkswagen','Jetta',1999,'hybryda',267272,'58602.01','dostępny od ręki',0),(233,3,'Volkswagen','CC',2013,'benzyna + CNG',158604,'93155.22','dostępny pod innym adresem',1),(234,1,'Chevrolet','Suburban 1500',2005,'benzyna + CNG',125027,'67404.23','dostępny po zamówieniu',1),(235,2,'Buick','Regal',NULL,NULL,NULL,'96945.31','dostępny po zamówieniu',0),(236,2,'Dodge','Ram',NULL,NULL,NULL,'25344.28','dostępny po zamówieniu',0),(237,3,'BMW','5 Series',2000,'hybryda',94080,'45856.98','dostępny od ręki',1),(238,1,'Chevrolet','TrailBlazer',2008,'benzyna + LPG',289913,'17108.25','dostępny od ręki',0),(239,1,'Mazda','323',NULL,NULL,NULL,'59159.91','dostępny po zamówieniu',0),(240,2,'Mercury','Monterey',NULL,NULL,NULL,'6557.37','dostępny pod innym adresem',1),(241,1,'Chrysler','Sebring',NULL,NULL,NULL,'73145.99','dostępny po zamówieniu',0),(242,1,'Acura','Vigor',NULL,NULL,NULL,'64640.83','dostępny po zamówieniu',0),(243,1,'Dodge','Dakota',2007,'hybryda',317364,'73267.45','dostępny po zamówieniu',1),(244,2,'Chevrolet','Camaro',NULL,NULL,NULL,'41303.63','dostępny po zamówieniu',0),(245,2,'Dodge','Dakota',NULL,NULL,NULL,'9063.76','dostępny od ręki',0),(246,1,'GMC','Savana 2500',2003,'benzyna + LPG',340073,'81502.94','dostępny po zamówieniu',0),(247,2,'Volvo','S40',2009,'elektryczny',428811,'73443.77','dostępny pod innym adresem',0),(248,1,'Chevrolet','Suburban 2500',2003,'benzyna + LPG',391681,'79857.0','dostępny po zamówieniu',0),(249,1,'Lexus','SC',2009,'diesel',248672,'71113.63','dostępny od ręki',1),(250,3,'Nissan','Frontier',NULL,NULL,NULL,'85827.66','dostępny od ręki',1),(251,2,'Volvo','940',1992,'diesel',324592,'69047.6','dostępny od ręki',1),(252,3,'Bentley','Continental Super',2011,'benzyna + LPG',422532,'5145.82','dostępny po zamówieniu',1),(253,3,'Ford','E350',NULL,NULL,NULL,'18017.42','dostępny pod innym adresem',0),(254,2,'Citroën','2CV',NULL,NULL,NULL,'55696.3','dostępny po zamówieniu',1),(255,2,'Ford','EXP',NULL,NULL,NULL,'65049.1','dostępny pod innym adresem',0),(256,1,'Ford','Explorer Sport Trac',2010,'elektryczny',335640,'69827.38','dostępny pod innym adresem',0),(257,2,'Toyota','Tundra',2005,'elektryczny',483859,'2054.22','dostępny od ręki',0),(258,2,'Hyundai','Elantra',NULL,NULL,NULL,'18197.74','dostępny po zamówieniu',0),(259,2,'GMC','Savana Cargo Van',2006,'diesel',125921,'54379.39','dostępny po zamówieniu',0),(260,2,'Chevrolet','Avalanche',NULL,NULL,NULL,'60806.92','dostępny od ręki',0),(261,1,'Nissan','Murano',2004,'elektryczny',455818,'19121.0','dostępny od ręki',1),(262,1,'Mercedes-Benz','CLS-Class',NULL,NULL,NULL,'31962.73','dostępny po zamówieniu',0),(263,3,'Toyota','Sienna',2005,'benzyna + CNG',403601,'13612.97','dostępny od ręki',1),(264,2,'Chevrolet','1500',1993,'benzyna',90778,'80970.12','dostępny po zamówieniu',1),(265,1,'GMC','Yukon',2005,'diesel',264635,'73921.24','dostępny pod innym adresem',1),(266,3,'GMC','Savana 3500',NULL,NULL,NULL,'40290.27','dostępny po zamówieniu',0),(267,3,'Land Rover','Range Rover',NULL,NULL,NULL,'73932.15','dostępny pod innym adresem',1),(268,2,'Porsche','968',NULL,NULL,NULL,'33426.52','dostępny pod innym adresem',0),(269,3,'Toyota','Matrix',NULL,NULL,NULL,'10283.37','dostępny pod innym adresem',0),(270,1,'Chevrolet','Corvette',1957,'benzyna + CNG',178425,'9420.21','dostępny od ręki',1),(271,3,'Smart','Fortwo',2008,'diesel',344700,'34484.77','dostępny od ręki',0),(272,2,'Suzuki','Daewoo Lacetti',2006,'elektryczny',87824,'98703.08','dostępny pod innym adresem',1),(273,1,'Ford','Explorer Sport Trac',NULL,NULL,NULL,'23411.71','dostępny po zamówieniu',1),(274,2,'Volkswagen','New Beetle',NULL,NULL,NULL,'52336.34','dostępny pod innym adresem',0),(275,1,'Ford','Excursion',2002,'benzyna + CNG',414202,'88600.65','dostępny po zamówieniu',1),(276,3,'Dodge','Ram 2500',2005,'hybryda',324612,'79002.95','dostępny od ręki',0),(277,3,'Volkswagen','Passat',1987,'diesel',91036,'29277.61','dostępny po zamówieniu',1),(278,2,'Ford','E250',2003,'benzyna + LPG',403251,'71708.91','dostępny pod innym adresem',1),(279,2,'BMW','X5',2006,'elektryczny',357640,'13627.93','dostępny po zamówieniu',1),(280,2,'Ford','Escape',2012,'elektryczny',70644,'4857.93','dostępny od ręki',1),(281,3,'Dodge','Ram 2500',NULL,NULL,NULL,'93218.72','dostępny po zamówieniu',1),(282,3,'Jaguar','S-Type',2006,'elektryczny',186881,'24318.57','dostępny po zamówieniu',1),(283,2,'Cadillac','Escalade ESV',2010,'benzyna + CNG',120128,'21285.37','dostępny po zamówieniu',0),(284,2,'Ram','2500',NULL,NULL,NULL,'93806.25','dostępny po zamówieniu',0),(285,3,'Mercedes-Benz','M-Class',2004,'elektryczny',267617,'68008.05','dostępny od ręki',0),(286,3,'Ford','Explorer Sport Trac',2004,'diesel',361513,'79445.74','dostępny pod innym adresem',0),(287,3,'GMC','Rally Wagon G2500',1995,'hybryda',287153,'87144.35','dostępny od ręki',1),(288,1,'Chevrolet','Metro',2000,'diesel',110149,'97855.4','dostępny pod innym adresem',1),(289,2,'Mitsubishi','Outlander Sport',2011,'hybryda',180431,'99403.79','dostępny od ręki',1),(290,3,'Toyota','Sienna',2012,'benzyna',410512,'27434.78','dostępny po zamówieniu',1),(291,2,'Honda','Accord',2003,'benzyna',372243,'86694.24','dostępny pod innym adresem',1),(292,1,'Ford','Aerostar',1993,'benzyna + LPG',465551,'46248.74','dostępny pod innym adresem',1),(293,2,'Ford','Thunderbird',1993,'benzyna + LPG',498004,'27318.71','dostępny od ręki',1),(294,3,'Nissan','Quest',NULL,NULL,NULL,'79540.23','dostępny po zamówieniu',1),(295,3,'Mercedes-Benz','R-Class',2011,'benzyna + CNG',355284,'93125.62','dostępny pod innym adresem',1),(296,1,'Dodge','Neon',1995,'benzyna',379693,'15334.1','dostępny po zamówieniu',1),(297,1,'Ford','E-Series',1987,'benzyna + CNG',368298,'98637.6','dostępny po zamówieniu',1),(298,2,'BMW','3 Series',2000,'benzyna + CNG',467881,'68936.24','dostępny od ręki',0),(299,3,'Mazda','CX-9',2010,'benzyna + LPG',399046,'24560.47','dostępny po zamówieniu',1),(300,2,'Mercedes-Benz','SL-Class',1990,'elektryczny',499537,'79376.27','dostępny pod innym adresem',1),(301,2,'Chevrolet','Blazer',1992,'benzyna + CNG',356295,'31514.15','dostępny pod innym adresem',0),(302,3,'Honda','Prelude',1992,'elektryczny',453147,'84578.26','dostępny od ręki',0),(303,3,'Dodge','Neon',2001,'benzyna',117909,'42823.76','dostępny pod innym adresem',1),(304,1,'Mercedes-Benz','300CE',NULL,NULL,NULL,'31624.44','dostępny od ręki',0),(305,2,'Audi','S4',2012,'hybryda',379866,'38975.72','dostępny od ręki',0),(306,1,'Mazda','Mazda6',2011,'hybryda',120679,'2877.37','dostępny pod innym adresem',0),(307,2,'Volvo','960',1992,'hybryda',96858,'56208.05','dostępny po zamówieniu',1),(308,1,'Chevrolet','Cruze',NULL,NULL,NULL,'82064.58','dostępny pod innym adresem',1),(309,2,'Buick','Estate',1990,'elektryczny',320028,'71502.35','dostępny pod innym adresem',1),(310,3,'Mitsubishi','L300',1988,'elektryczny',306199,'26783.92','dostępny po zamówieniu',0),(311,3,'Chevrolet','Express 1500',NULL,NULL,NULL,'34654.47','dostępny po zamówieniu',1),(312,1,'Toyota','RAV4',2008,'elektryczny',307586,'30471.46','dostępny od ręki',0),(313,1,'Dodge','Neon',2005,'elektryczny',480400,'62159.45','dostępny po zamówieniu',1),(314,3,'Ford','Contour',1999,'benzyna + LPG',165104,'72333.63','dostępny po zamówieniu',0),(315,3,'Pontiac','Grand Prix',1967,'diesel',228346,'92859.1','dostępny po zamówieniu',0),(316,3,'Jaguar','XK',2011,'benzyna',438677,'88239.41','dostępny od ręki',0),(317,1,'Chevrolet','Cobalt SS',2009,'elektryczny',314191,'13605.53','dostępny od ręki',0),(318,1,'Toyota','Sienna',2008,'diesel',420199,'33462.26','dostępny po zamówieniu',0),(319,3,'Toyota','TundraMax',2009,'hybryda',374387,'67976.63','dostępny od ręki',1),(320,3,'Chevrolet','Express 1500',NULL,NULL,NULL,'93509.91','dostępny po zamówieniu',0),(321,2,'Ford','F150',NULL,NULL,NULL,'9872.84','dostępny od ręki',0),(322,2,'Land Rover','Range Rover',1986,'benzyna + CNG',111562,'64330.99','dostępny po zamówieniu',1),(323,2,'Suzuki','XL-7',2008,'benzyna + LPG',357833,'99080.06','dostępny od ręki',0),(324,3,'Porsche','Panamera',2011,'benzyna + CNG',440917,'19077.83','dostępny pod innym adresem',1),(325,2,'Lexus','ES',1992,'benzyna + LPG',476064,'40124.22','dostępny od ręki',1),(326,2,'Acura','RL',2010,'benzyna + CNG',442977,'68602.19','dostępny od ręki',0),(327,3,'Toyota','Tacoma',NULL,NULL,NULL,'81353.57','dostępny od ręki',0),(328,2,'Volkswagen','Jetta',NULL,NULL,NULL,'22245.97','dostępny pod innym adresem',0),(329,3,'Toyota','Tacoma',2000,'elektryczny',83663,'6860.15','dostępny od ręki',0),(330,3,'Mercedes-Benz','CLS-Class',2009,'benzyna + LPG',53046,'88440.05','dostępny pod innym adresem',0),(331,1,'Ford','Fairlane',1967,'hybryda',147725,'28814.55','dostępny pod innym adresem',0),(332,1,'Geo','Storm',NULL,NULL,NULL,'37149.84','dostępny po zamówieniu',1),(333,3,'Honda','Odyssey',2002,'benzyna + LPG',461758,'75178.21','dostępny od ręki',0),(334,1,'Honda','CR-V',2008,'elektryczny',69227,'6262.63','dostępny po zamówieniu',1),(335,3,'Dodge','Durango',NULL,NULL,NULL,'16106.5','dostępny od ręki',1),(336,1,'Lincoln','Continental',1999,'diesel',230817,'43247.53','dostępny po zamówieniu',1),(337,2,'Honda','Prelude',1998,'elektryczny',408037,'42407.41','dostępny pod innym adresem',0),(338,1,'Audi','A4',NULL,NULL,NULL,'59598.73','dostępny od ręki',1),(339,2,'BMW','M5',2003,'benzyna + CNG',53842,'59648.08','dostępny od ręki',1),(340,2,'Kia','Rio',2009,'benzyna + CNG',386629,'49113.89','dostępny po zamówieniu',0),(341,1,'Maserati','430',1990,'elektryczny',193822,'44215.91','dostępny od ręki',1),(342,2,'Toyota','Prius',2006,'hybryda',363356,'82138.75','dostępny od ręki',1),(343,2,'Chevrolet','G-Series G20',1995,'diesel',248524,'62228.96','dostępny pod innym adresem',0),(344,2,'Toyota','Corolla',NULL,NULL,NULL,'14594.07','dostępny od ręki',1),(345,3,'Jeep','Cherokee',1992,'benzyna + CNG',378057,'64412.94','dostępny po zamówieniu',1),(346,1,'Volvo','S60',NULL,NULL,NULL,'63394.28','dostępny po zamówieniu',1),(347,3,'Lexus','RX',2012,'elektryczny',334515,'48485.04','dostępny pod innym adresem',0),(348,2,'Geo','Prizm',NULL,NULL,NULL,'46179.38','dostępny po zamówieniu',0),(349,1,'Bentley','Continental',NULL,NULL,NULL,'78365.42','dostępny po zamówieniu',1),(350,3,'Chevrolet','Express 3500',1998,'benzyna',468629,'43173.73','dostępny po zamówieniu',0),(351,3,'Hyundai','Sonata',NULL,NULL,NULL,'61525.96','dostępny po zamówieniu',1),(352,3,'Honda','Pilot',NULL,NULL,NULL,'98292.53','dostępny pod innym adresem',0),(353,1,'Honda','Ridgeline',2006,'benzyna + LPG',130580,'80572.0','dostępny od ręki',0),(354,1,'Ford','F150',2002,'benzyna + CNG',339011,'36447.27','dostępny po zamówieniu',1),(355,1,'Mercury','Sable',2005,'benzyna + LPG',439935,'33335.08','dostępny pod innym adresem',1),(356,3,'BMW','745',2003,'hybryda',110601,'83702.75','dostępny od ręki',0),(357,2,'Volkswagen','Fox',1992,'benzyna',162270,'24069.23','dostępny po zamówieniu',0),(358,2,'Porsche','Boxster',NULL,NULL,NULL,'72996.71','dostępny po zamówieniu',1),(359,1,'Mazda','Tribute',NULL,NULL,NULL,'66417.81','dostępny po zamówieniu',1),(360,1,'Oldsmobile','Cutlass',NULL,NULL,NULL,'28071.29','dostępny pod innym adresem',0),(361,2,'Mazda','B-Series',1997,'elektryczny',423356,'85485.23','dostępny po zamówieniu',1),(362,2,'Ford','Mustang',1979,'hybryda',326835,'67188.48','dostępny po zamówieniu',1),(363,2,'BMW','X5',2006,'hybryda',122701,'91035.13','dostępny od ręki',0),(364,1,'Cadillac','Escalade EXT',2005,'hybryda',262882,'6156.73','dostępny od ręki',1),(365,3,'Toyota','Solara',2003,'benzyna',350157,'70750.64','dostępny od ręki',1),(366,3,'GMC','Yukon XL 1500',2005,'hybryda',409531,'56594.47','dostępny od ręki',0),(367,3,'Dodge','Neon',NULL,NULL,NULL,'43664.16','dostępny pod innym adresem',1),(368,2,'Infiniti','QX',NULL,NULL,NULL,'38688.03','dostępny po zamówieniu',1),(369,2,'Land Rover','Range Rover',2004,'benzyna + LPG',136827,'30855.4','dostępny pod innym adresem',0),(370,3,'Chevrolet','G-Series G30',NULL,NULL,NULL,'11835.66','dostępny pod innym adresem',0),(371,1,'Ford','Explorer',2011,'benzyna + CNG',409825,'14005.57','dostępny od ręki',0),(372,2,'Chevrolet','Blazer',2000,'benzyna + LPG',389459,'42665.06','dostępny od ręki',0),(373,2,'Porsche','Cayenne',NULL,NULL,NULL,'37545.44','dostępny pod innym adresem',0),(374,1,'Volkswagen','Cabriolet',NULL,NULL,NULL,'57529.53','dostępny po zamówieniu',1),(375,3,'Mercedes-Benz','300SL',1992,'hybryda',82010,'32551.57','dostępny od ręki',0),(376,3,'Lincoln','MKS',2010,'benzyna + LPG',373946,'20693.49','dostępny pod innym adresem',0),(377,1,'Mercedes-Benz','SLR McLaren',NULL,NULL,NULL,'27289.36','dostępny pod innym adresem',0),(378,2,'Buick','Riviera',NULL,NULL,NULL,'23479.78','dostępny pod innym adresem',1),(379,1,'Audi','100',NULL,NULL,NULL,'38586.52','dostępny od ręki',1),(380,1,'Pontiac','Montana SV6',2006,'hybryda',390479,'55524.14','dostępny po zamówieniu',0),(381,1,'Chevrolet','Blazer',2003,'benzyna',126033,'72671.17','dostępny pod innym adresem',1),(382,3,'Lamborghini','Murciélago',NULL,NULL,NULL,'80086.7','dostępny od ręki',0),(383,3,'Acura','MDX',2003,'diesel',462495,'36518.06','dostępny pod innym adresem',1),(384,3,'Mercedes-Benz','300SD',1993,'benzyna + CNG',291036,'83384.23','dostępny pod innym adresem',1),(385,3,'Suzuki','Reno',2008,'diesel',121199,'3702.52','dostępny od ręki',0),(386,2,'GMC','Terrain',2012,'diesel',418701,'4068.35','dostępny pod innym adresem',1),(387,2,'Mazda','Protege',NULL,NULL,NULL,'98382.45','dostępny od ręki',1),(388,3,'Infiniti','FX',NULL,NULL,NULL,'29980.31','dostępny po zamówieniu',0),(389,1,'Corbin','Sparrow',NULL,NULL,NULL,'1554.09','dostępny po zamówieniu',1),(390,3,'GMC','Yukon XL 2500',2002,'hybryda',200644,'11651.93','dostępny po zamówieniu',0),(391,2,'Chevrolet','Camaro',1998,'elektryczny',96326,'65110.02','dostępny po zamówieniu',0),(392,3,'Toyota','Camry',2007,'elektryczny',449741,'90879.54','dostępny od ręki',0),(393,2,'BMW','Z3',NULL,NULL,NULL,'50542.4','dostępny pod innym adresem',0),(394,2,'Mercedes-Benz','E-Class',NULL,NULL,NULL,'44462.24','dostępny od ręki',0),(395,3,'Ford','F-Series',1994,'hybryda',107856,'91290.83','dostępny pod innym adresem',1),(396,2,'Honda','CR-V',2005,'benzyna + CNG',294813,'6859.49','dostępny pod innym adresem',0),(397,3,'Nissan','350Z',2004,'benzyna',135712,'8062.07','dostępny od ręki',1),(398,3,'Mazda','929',NULL,NULL,NULL,'8819.94','dostępny od ręki',0),(399,2,'Porsche','911',2009,'hybryda',469573,'71656.3','dostępny od ręki',0),(400,2,'Toyota','Camry',1992,'diesel',59879,'21144.1','dostępny po zamówieniu',1),(401,3,'Chevrolet','Caprice',NULL,NULL,NULL,'31063.32','dostępny po zamówieniu',0),(402,2,'Ford','Escort',NULL,NULL,NULL,'18208.2','dostępny od ręki',1),(403,3,'Ford','Ranger',2006,'hybryda',464953,'60013.42','dostępny od ręki',1),(404,1,'Nissan','Quest',2008,'benzyna + LPG',99350,'60109.56','dostępny od ręki',0),(405,2,'Mercury','Cougar',NULL,NULL,NULL,'22116.35','dostępny pod innym adresem',0),(406,3,'Volkswagen','Golf III',NULL,NULL,NULL,'65190.36','dostępny po zamówieniu',0),(407,2,'Chevrolet','Corvair 500',1963,'benzyna + CNG',394709,'10352.37','dostępny od ręki',1),(408,1,'Maserati','Gran Sport',2006,'elektryczny',196983,'62468.5','dostępny pod innym adresem',1),(409,2,'Nissan','Sentra',2011,'benzyna + LPG',332476,'26768.75','dostępny po zamówieniu',0),(410,1,'Honda','Civic Si',2003,'benzyna + CNG',267791,'20593.33','dostępny od ręki',1),(411,1,'Ford','Aerostar',NULL,NULL,NULL,'39845.66','dostępny od ręki',1),(412,2,'GMC','Savana',2006,'elektryczny',389596,'53116.39','dostępny po zamówieniu',0),(413,2,'Toyota','Avalon',NULL,NULL,NULL,'65974.39','dostępny pod innym adresem',0),(414,3,'Chevrolet','G-Series 1500',1998,'diesel',182689,'67256.05','dostępny po zamówieniu',1),(415,2,'Maybach','62',2004,'benzyna + CNG',393139,'3646.03','dostępny po zamówieniu',1),(416,3,'Ram','1500',2012,'benzyna + LPG',472882,'52666.1','dostępny pod innym adresem',1),(417,2,'Ferrari','430 Scuderia',2009,'hybryda',64764,'69279.96','dostępny po zamówieniu',0),(418,2,'Ford','F150',2002,'benzyna + CNG',460902,'34934.07','dostępny pod innym adresem',0),(419,2,'Mercedes-Benz','C-Class',2004,'benzyna',445358,'38234.63','dostępny po zamówieniu',0),(420,1,'Ford','F150',2006,'benzyna',211045,'67299.41','dostępny od ręki',1),(421,3,'Ford','Mustang',2001,'elektryczny',263397,'83673.2','dostępny od ręki',1),(422,2,'Chevrolet','Express 1500',NULL,NULL,NULL,'30540.76','dostępny po zamówieniu',1),(424,2,'Buick','Skyhawk',1985,'benzyna + CNG',395622,'70017.39','dostępny od ręki',1),(425,3,'MINI','Countryman',2011,'elektryczny',240563,'66060.01','dostępny od ręki',1),(426,3,'Saab','900',NULL,NULL,NULL,'35156.85','dostępny od ręki',1),(427,1,'Buick','Verano',2012,'benzyna + LPG',355652,'64380.7','dostępny od ręki',0),(428,1,'Hyundai','Veloster',NULL,NULL,NULL,'34643.69','dostępny od ręki',0),(429,1,'Lexus','RX Hybrid',NULL,NULL,NULL,'96564.48','dostępny pod innym adresem',1),(430,2,'Jeep','Commander',2008,'diesel',80855,'91170.82','dostępny pod innym adresem',0),(431,2,'GMC','3500',1995,'diesel',373902,'89961.81','dostępny od ręki',0),(432,2,'Nissan','Pathfinder',2002,'elektryczny',428924,'19330.55','dostępny po zamówieniu',1),(433,1,'Porsche','911',2013,'diesel',173380,'69807.83','dostępny po zamówieniu',0),(434,2,'Land Rover','LR4',NULL,NULL,NULL,'23499.12','dostępny od ręki',0),(435,1,'Volkswagen','Cabriolet',1990,'benzyna + LPG',448847,'72139.73','dostępny od ręki',0),(436,1,'Hyundai','Elantra',2004,'hybryda',304643,'10002.65','dostępny po zamówieniu',0),(437,2,'Hummer','H1',2002,'benzyna + LPG',401368,'65683.89','dostępny od ręki',1),(438,1,'Mitsubishi','L300',1989,'hybryda',136590,'64500.0','dostępny po zamówieniu',1),(439,3,'Infiniti','G',1992,'benzyna + LPG',99722,'89963.28','dostępny po zamówieniu',1),(440,2,'Jaguar','XK',2012,'hybryda',214594,'79846.86','dostępny pod innym adresem',1),(441,2,'Nissan','Sentra',2011,'diesel',436429,'56980.15','dostępny pod innym adresem',0),(442,3,'Honda','Accord',1992,'benzyna',489374,'84603.07','dostępny po zamówieniu',1),(443,1,'Ford','Tempo',1986,'elektryczny',253807,'46504.9','dostępny od ręki',1),(444,1,'Maybach','62',2006,'hybryda',320324,'62475.65','dostępny pod innym adresem',0),(445,2,'Dodge','Dakota',1994,'benzyna + LPG',108951,'94996.86','dostępny pod innym adresem',1),(446,1,'Toyota','Sienna',2000,'benzyna',459335,'45630.53','dostępny od ręki',1),(447,2,'Buick','Park Avenue',2001,'elektryczny',464348,'63880.27','dostępny po zamówieniu',1),(448,1,'Mercury','Sable',NULL,NULL,NULL,'25021.0','dostępny od ręki',0),(449,2,'Pontiac','LeMans',NULL,NULL,NULL,'80384.55','dostępny pod innym adresem',0),(450,1,'Mitsubishi','Mirage',NULL,NULL,NULL,'54334.88','dostępny po zamówieniu',0),(451,1,'Austin','Mini Cooper',1961,'hybryda',198437,'46751.86','dostępny po zamówieniu',1),(452,2,'Mazda','929',NULL,NULL,NULL,'49617.15','dostępny od ręki',1),(453,2,'Pontiac','Firefly',1995,'benzyna',341119,'14810.71','dostępny pod innym adresem',0),(454,1,'Buick','LaCrosse',2005,'hybryda',306630,'87328.68','dostępny pod innym adresem',0),(455,1,'Hyundai','Veracruz',2011,'elektryczny',325517,'90058.33','dostępny po zamówieniu',1),(456,2,'Chrysler','Town & Country',2005,'hybryda',457669,'67798.26','dostępny pod innym adresem',1),(457,3,'Porsche','911',2013,'benzyna + LPG',171382,'37406.5','dostępny pod innym adresem',0),(458,3,'Jaguar','S-Type',NULL,NULL,NULL,'73563.18','dostępny pod innym adresem',1),(459,1,'Buick','Skyhawk',1985,'benzyna',149808,'82797.0','dostępny od ręki',1),(460,3,'Toyota','Tacoma',NULL,NULL,NULL,'10600.67','dostępny po zamówieniu',0),(461,3,'Buick','Riviera',1995,'benzyna',301434,'92906.24','dostępny od ręki',0),(462,2,'Kia','Optima',2001,'elektryczny',463509,'93423.46','dostępny od ręki',0),(463,2,'Suzuki','Daewoo Lacetti',NULL,NULL,NULL,'67571.36','dostępny po zamówieniu',0),(464,1,'Ford','F350',2009,'benzyna + CNG',245004,'14587.0','dostępny od ręki',1),(465,2,'Nissan','Sentra',NULL,NULL,NULL,'94867.51','dostępny pod innym adresem',1),(466,2,'Suzuki','Swift',1990,'hybryda',232899,'33451.77','dostępny po zamówieniu',0),(467,1,'MINI','Clubman',NULL,NULL,NULL,'15403.67','dostępny po zamówieniu',1),(468,3,'Chrysler','PT Cruiser',2001,'hybryda',307547,'87677.15','dostępny od ręki',0),(469,3,'Honda','Accord',1990,'benzyna',206772,'7052.2','dostępny po zamówieniu',1),(470,2,'Lincoln','Navigator',2000,'diesel',164488,'99851.58','dostępny po zamówieniu',1),(471,3,'Chrysler','Sebring',NULL,NULL,NULL,'60360.06','dostępny po zamówieniu',0),(472,2,'GMC','Sierra 1500',2012,'elektryczny',127529,'44312.87','dostępny pod innym adresem',1),(473,2,'Mitsubishi','Starion',NULL,NULL,NULL,'96849.69','dostępny pod innym adresem',0),(474,1,'Ford','Courier',NULL,NULL,NULL,'83796.83','dostępny pod innym adresem',1),(475,1,'Ford','Ranger',2000,'benzyna + LPG',401312,'32291.6','dostępny pod innym adresem',1),(476,2,'Land Rover','LR2',2009,'diesel',318747,'53382.17','dostępny po zamówieniu',1),(477,1,'Chevrolet','Monte Carlo',1999,'hybryda',119289,'19270.03','dostępny po zamówieniu',0),(478,1,'Jaguar','XF',NULL,NULL,NULL,'91737.43','dostępny pod innym adresem',1),(479,1,'Volkswagen','Jetta',2000,'benzyna + LPG',499528,'12005.26','dostępny po zamówieniu',0),(480,2,'Infiniti','Q',2001,'hybryda',446838,'30400.82','dostępny po zamówieniu',1),(481,2,'GMC','Yukon',2003,'hybryda',181507,'63105.92','dostępny po zamówieniu',0),(482,2,'Maserati','Quattroporte',2008,'hybryda',358632,'12306.74','dostępny po zamówieniu',1),(483,2,'Lexus','SC',NULL,NULL,NULL,'79662.96','dostępny pod innym adresem',1),(484,1,'Dodge','Daytona',1984,'benzyna + LPG',87772,'92050.77','dostępny po zamówieniu',0),(485,1,'Ford','Mustang',2007,'benzyna + LPG',409271,'56866.47','dostępny pod innym adresem',1),(486,3,'Audi','Allroad',2005,'benzyna',474567,'25767.47','dostępny od ręki',1),(487,1,'Maserati','430',1990,'benzyna + CNG',373004,'64510.55','dostępny pod innym adresem',0),(488,2,'Nissan','Murano',NULL,NULL,NULL,'72950.42','dostępny od ręki',1),(489,2,'Pontiac','Fiero',1986,'hybryda',342364,'46356.07','dostępny po zamówieniu',0),(490,1,'Mercedes-Benz','300D',1993,'hybryda',107050,'20292.38','dostępny pod innym adresem',0),(491,1,'Suzuki','Swift',2001,'benzyna',186160,'69453.5','dostępny pod innym adresem',1),(492,3,'Land Rover','LR2',2009,'diesel',327587,'26187.4','dostępny od ręki',0),(493,3,'Nissan','Titan',NULL,NULL,NULL,'55531.74','dostępny od ręki',1),(494,1,'Bentley','Continental Flying Spur',2011,'benzyna + LPG',291700,'93225.3','dostępny od ręki',1),(495,2,'Dodge','Caravan',2008,'benzyna',206007,'90478.45','dostępny po zamówieniu',1),(496,3,'Subaru','XT',NULL,NULL,NULL,'35524.91','dostępny po zamówieniu',1),(497,2,'Ford','Explorer',2008,'benzyna + LPG',355112,'44462.71','dostępny od ręki',0),(498,1,'Mercury','Sable',2003,'elektryczny',482729,'45729.92','dostępny po zamówieniu',0),(499,2,'Suzuki','SJ',NULL,NULL,NULL,'73185.83','dostępny po zamówieniu',0),(500,3,'Oldsmobile','Cutlass Cruiser',1994,'diesel',351078,'84740.81','dostępny po zamówieniu',0),(501,3,'Toyota','Matrix',2011,'diesel',320462,'93777.9','dostępny od ręki',1),(502,3,'Bentley','Continental Flying Spur',NULL,NULL,NULL,'34748.76','dostępny od ręki',1),(503,1,'Nissan','Armada',NULL,NULL,NULL,'50626.88','dostępny po zamówieniu',0),(504,3,'Volvo','V70',NULL,NULL,NULL,'35028.19','dostępny pod innym adresem',0),(505,2,'Porsche','Carrera GT',2005,'hybryda',219594,'86013.94','dostępny od ręki',1),(506,2,'Lexus','GS',2008,'benzyna + CNG',163835,'25619.54','dostępny od ręki',0),(507,1,'Saab','9000',NULL,NULL,NULL,'25821.78','dostępny pod innym adresem',1),(508,3,'Buick','Reatta',NULL,NULL,NULL,'35205.03','dostępny po zamówieniu',0),(509,2,'Acura','Integra',1993,'elektryczny',433252,'26804.16','dostępny po zamówieniu',1),(510,2,'Oldsmobile','Aurora',NULL,NULL,NULL,'78116.5','dostępny od ręki',1),(511,1,'Volvo','850',1995,'benzyna + LPG',318493,'73332.67','dostępny od ręki',0),(512,2,'Ford','Mustang',NULL,NULL,NULL,'9152.32','dostępny po zamówieniu',0),(513,1,'Dodge','Neon',NULL,NULL,NULL,'51445.35','dostępny pod innym adresem',1),(514,3,'GMC','Savana 2500',NULL,NULL,NULL,'71829.61','dostępny od ręki',1),(515,2,'Buick','Riviera',NULL,NULL,NULL,'15770.63','dostępny pod innym adresem',1),(516,1,'Pontiac','Sunfire',1999,'diesel',81745,'30239.16','dostępny pod innym adresem',0),(517,1,'Ford','Edge',NULL,NULL,NULL,'94125.64','dostępny od ręki',0),(518,2,'Lincoln','Continental',1991,'benzyna + LPG',186181,'97490.92','dostępny od ręki',0),(519,3,'Chevrolet','Suburban',NULL,NULL,NULL,'96047.69','dostępny po zamówieniu',1),(520,2,'Mazda','Familia',1988,'hybryda',226915,'3936.71','dostępny pod innym adresem',1),(521,1,'Lotus','Esprit',NULL,NULL,NULL,'54039.15','dostępny po zamówieniu',1),(522,2,'Audi','A4',2009,'elektryczny',337318,'48466.84','dostępny po zamówieniu',0),(523,3,'Pontiac','Firebird',1998,'benzyna',320599,'67915.68','dostępny od ręki',0),(524,2,'Pontiac','Firebird Formula',1992,'benzyna',116086,'89818.81','dostępny od ręki',0),(525,3,'MINI','Cooper Countryman',2011,'diesel',62128,'63637.85','dostępny po zamówieniu',1),(526,3,'Pontiac','Vibe',NULL,NULL,NULL,'44894.93','dostępny pod innym adresem',0),(527,3,'Volkswagen','Passat',NULL,NULL,NULL,'24234.54','dostępny po zamówieniu',0),(528,3,'Lexus','LX',1996,'benzyna + LPG',197714,'77527.67','dostępny po zamówieniu',1),(529,2,'Saab','9-3',NULL,NULL,NULL,'24893.92','dostępny od ręki',0),(530,3,'Saturn','L-Series',2004,'benzyna + CNG',313466,'23709.3','dostępny po zamówieniu',0),(531,3,'Suzuki','Sidekick',1991,'hybryda',338116,'16532.39','dostępny pod innym adresem',1),(532,3,'GMC','Vandura G3500',1996,'elektryczny',435653,'26060.3','dostępny od ręki',0),(533,2,'Ford','E-Series',2005,'benzyna + LPG',70424,'6575.98','dostępny po zamówieniu',0),(534,1,'Ford','Mustang',2005,'benzyna + LPG',237754,'4827.42','dostępny od ręki',0),(535,3,'Mercedes-Benz','C-Class',NULL,NULL,NULL,'44521.31','dostępny od ręki',0),(536,2,'Cadillac','SRX',2008,'elektryczny',148410,'48282.89','dostępny po zamówieniu',0),(537,1,'Audi','A3',NULL,NULL,NULL,'95468.5','dostępny pod innym adresem',1),(538,2,'Dodge','Ram 50',1992,'elektryczny',149352,'10220.62','dostępny po zamówieniu',0),(539,2,'Chevrolet','Corvair 500',1963,'hybryda',52720,'29814.3','dostępny pod innym adresem',0),(540,1,'Acura','MDX',0,'benzyna',0,'43805.8','dostępny od ręki',0),(541,2,'Chevrolet','Silverado 2500',2010,'elektryczny',483338,'29613.95','dostępny pod innym adresem',0),(542,2,'Volkswagen','Jetta',1997,'benzyna + LPG',240778,'88280.85','dostępny pod innym adresem',0),(543,1,'Kia','Rio',2013,'diesel',184836,'15472.89','dostępny pod innym adresem',0),(544,2,'GMC','Sierra 1500',NULL,NULL,NULL,'97780.73','dostępny od ręki',0),(545,3,'Nissan','Quest',2008,'benzyna + LPG',119592,'30712.47','dostępny od ręki',1),(546,3,'Mitsubishi','Endeavor',2005,'benzyna + LPG',357748,'66364.65','dostępny od ręki',1),(547,2,'Dodge','Ram 1500',2001,'benzyna + CNG',57604,'64516.78','dostępny od ręki',0),(548,1,'Mercedes-Benz','S-Class',2010,'diesel',277197,'8886.61','dostępny pod innym adresem',0),(549,3,'Dodge','Ram 1500',2005,'benzyna',424841,'15790.21','dostępny po zamówieniu',1),(550,2,'Lincoln','Navigator',2002,'elektryczny',385127,'51816.18','dostępny po zamówieniu',1),(551,3,'Mercedes-Benz','E-Class',NULL,NULL,NULL,'13045.71','dostępny po zamówieniu',0),(552,2,'Lamborghini','Diablo',1991,'hybryda',214656,'61775.13','dostępny pod innym adresem',0),(553,1,'Mercury','Grand Marquis',2006,'benzyna + CNG',129758,'18166.5','dostępny po zamówieniu',0),(554,1,'Honda','Accord',2008,'hybryda',83645,'52405.27','dostępny po zamówieniu',0),(555,1,'Suzuki','Grand Vitara',NULL,NULL,NULL,'51236.25','dostępny od ręki',0),(556,3,'MG','MGB',1977,'benzyna + LPG',397979,'82596.96','dostępny po zamówieniu',0),(557,3,'Dodge','Grand Caravan',1994,'elektryczny',338219,'68097.87','dostępny od ręki',0),(558,3,'Daewoo','Leganza',2001,'diesel',304362,'31162.97','dostępny po zamówieniu',1),(559,2,'Volkswagen','Golf',1996,'benzyna',449934,'69751.0','dostępny od ręki',1),(560,2,'Lexus','GX',2007,'benzyna + LPG',339885,'77320.63','dostępny po zamówieniu',1),(561,1,'Pontiac','G6',NULL,NULL,NULL,'99840.42','dostępny pod innym adresem',0),(562,3,'Pontiac','Grand Prix',1992,'elektryczny',176231,'77273.2','dostępny pod innym adresem',0),(563,1,'Mitsubishi','Mirage',NULL,NULL,NULL,'16049.12','dostępny po zamówieniu',0),(564,1,'Mitsubishi','Outlander',2011,'benzyna',112370,'39834.78','dostępny pod innym adresem',0),(565,3,'Infiniti','Q',1999,'benzyna',81161,'33370.47','dostępny od ręki',1),(566,1,'GMC','Yukon',2001,'benzyna + CNG',456545,'88233.44','dostępny pod innym adresem',0),(567,3,'Buick','Lucerne',2009,'benzyna',375850,'34069.5','dostępny od ręki',1),(568,3,'Volvo','740',1992,'benzyna',350358,'8041.74','dostępny od ręki',1),(569,1,'GMC','Envoy',2004,'benzyna + LPG',313040,'16677.72','dostępny po zamówieniu',1),(570,3,'Oldsmobile','Silhouette',1994,'elektryczny',454275,'64517.23','dostępny od ręki',1),(571,1,'Geo','Metro',1995,'elektryczny',372092,'96127.29','dostępny od ręki',1),(572,3,'Lexus','ES',2003,'hybryda',316024,'2630.71','dostępny od ręki',1),(573,2,'Ford','F350',2005,'hybryda',205922,'13211.76','dostępny po zamówieniu',0),(574,1,'Isuzu','Rodeo',2002,'diesel',496018,'92352.83','dostępny od ręki',0),(575,2,'Volkswagen','Eurovan',1994,'elektryczny',143363,'33316.84','dostępny od ręki',1),(576,2,'Maserati','GranTurismo',2009,'benzyna + LPG',424699,'75852.71','dostępny po zamówieniu',1),(577,3,'Porsche','Cayenne',2004,'benzyna',255290,'64214.23','dostępny pod innym adresem',1),(578,1,'Isuzu','VehiCROSS',1999,'benzyna',415926,'25278.41','dostępny pod innym adresem',0),(579,3,'Mercury','Villager',1998,'benzyna + LPG',56576,'70191.73','dostępny od ręki',1),(580,1,'Lotus','Elise',2004,'benzyna + LPG',122007,'14675.19','dostępny od ręki',0),(581,2,'Ford','Fusion',2007,'hybryda',346467,'80485.05','dostępny po zamówieniu',1),(582,3,'Mazda','929',NULL,NULL,NULL,'52090.18','dostępny pod innym adresem',0),(583,3,'Mitsubishi','Truck',NULL,NULL,NULL,'48901.75','dostępny po zamówieniu',1),(584,1,'Porsche','Panamera',NULL,NULL,NULL,'61659.34','dostępny pod innym adresem',0),(585,1,'Infiniti','QX',2003,'benzyna',492050,'17150.15','dostępny od ręki',1),(586,3,'Mitsubishi','Lancer Evolution',NULL,NULL,NULL,'48609.92','dostępny od ręki',1),(587,2,'Isuzu','Trooper',NULL,NULL,NULL,'24586.55','dostępny pod innym adresem',0),(588,2,'Dodge','Ram',1994,'benzyna',284592,'51419.94','dostępny po zamówieniu',1),(589,2,'Chevrolet','Tahoe',2004,'benzyna + LPG',267491,'30662.94','dostępny po zamówieniu',0),(590,3,'Infiniti','EX',2009,'diesel',455399,'92095.79','dostępny od ręki',0),(591,3,'Lotus','Esprit',NULL,NULL,NULL,'48839.34','dostępny od ręki',1),(592,2,'Mazda','Familia',NULL,NULL,NULL,'34050.71','dostępny pod innym adresem',0),(593,3,'Porsche','Boxster',NULL,NULL,NULL,'76253.61','dostępny po zamówieniu',0),(594,1,'Lexus','ES',NULL,NULL,NULL,'10178.43','dostępny pod innym adresem',1),(595,3,'Dodge','Caliber',2008,'hybryda',231692,'52648.51','dostępny po zamówieniu',0),(596,3,'Volvo','S40',2001,'benzyna + CNG',381540,'37699.06','dostępny po zamówieniu',0),(597,2,'Mitsubishi','Diamante',2001,'benzyna + CNG',226107,'62025.15','dostępny od ręki',0),(598,1,'Mercury','Sable',2000,'benzyna',379886,'34373.53','dostępny od ręki',1),(599,2,'Chevrolet','Express 3500',2010,'elektryczny',70586,'12380.51','dostępny pod innym adresem',0),(600,1,'Mercedes-Benz','SLR McLaren',NULL,NULL,NULL,'9356.31','dostępny pod innym adresem',0),(601,3,'Isuzu','Rodeo',NULL,NULL,NULL,'70732.65','dostępny od ręki',1),(602,3,'Dodge','Ram 3500',2010,'benzyna + CNG',279888,'59579.46','dostępny od ręki',0),(603,3,'GMC','3500',1996,'hybryda',131319,'29523.09','dostępny po zamówieniu',1),(604,3,'GMC','Acadia',2008,'diesel',238425,'30549.94','dostępny od ręki',0),(605,2,'Chevrolet','Metro',NULL,NULL,NULL,'71081.22','dostępny pod innym adresem',0),(606,2,'Ford','Econoline E150',NULL,NULL,NULL,'18689.29','dostępny po zamówieniu',0),(607,3,'Maserati','228',1989,'elektryczny',494857,'24058.07','dostępny od ręki',1),(608,1,'Volkswagen','riolet',1992,'diesel',205952,'69397.09','dostępny po zamówieniu',1),(609,2,'Nissan','NV2500',NULL,NULL,NULL,'97442.39','dostępny po zamówieniu',0),(610,3,'Land Rover','Freelander',NULL,NULL,NULL,'46956.85','dostępny od ręki',0),(611,1,'Volvo','V50',NULL,NULL,NULL,'32276.87','dostępny po zamówieniu',1),(612,1,'Audi','Cabriolet',1994,'benzyna + LPG',222978,'34563.56','dostępny pod innym adresem',1),(613,2,'Mercedes-Benz','E-Class',1996,'benzyna + CNG',493629,'32805.44','dostępny od ręki',1),(614,3,'Lexus','GX',2004,'diesel',222436,'62015.79','dostępny od ręki',1),(615,1,'Mitsubishi','Montero Sport',NULL,NULL,NULL,'53826.11','dostępny po zamówieniu',0),(616,1,'Volvo','XC60',NULL,NULL,NULL,'41462.62','dostępny od ręki',1),(617,1,'Cadillac','CTS',NULL,NULL,NULL,'33790.96','dostępny po zamówieniu',1),(618,2,'Mitsubishi','Lancer Evolution',2002,'benzyna',415895,'55782.15','dostępny od ręki',1),(619,2,'Mazda','B-Series Plus',NULL,NULL,NULL,'78303.37','dostępny pod innym adresem',0),(620,1,'Pontiac','Grand Am',2005,'benzyna',111842,'90532.7','dostępny od ręki',1),(621,3,'Ford','Thunderbird',1996,'diesel',231808,'44588.55','dostępny pod innym adresem',1),(622,3,'Toyota','Camry',2004,'benzyna + LPG',376830,'83292.23','dostępny po zamówieniu',1),(623,1,'Volvo','XC60',NULL,NULL,NULL,'13683.02','dostępny po zamówieniu',1),(624,3,'Toyota','Celica',2000,'elektryczny',337930,'58975.76','dostępny od ręki',0),(625,1,'Buick','Century',2003,'benzyna + CNG',381657,'91677.82','dostępny po zamówieniu',0),(626,2,'Mercury','Milan',2010,'benzyna + LPG',156516,'46749.85','dostępny po zamówieniu',1),(627,2,'Nissan','Versa',2010,'diesel',88520,'36839.28','dostępny od ręki',0),(628,3,'BMW','745',NULL,NULL,NULL,'1605.75','dostępny pod innym adresem',1),(629,2,'Honda','Pilot',2002,'elektryczny',75900,'94995.9','dostępny pod innym adresem',1),(630,2,'Ford','E-Series',1991,'benzyna',134536,'73893.74','dostępny pod innym adresem',0),(631,1,'Nissan','Altima',2010,'diesel',198686,'55111.09','dostępny po zamówieniu',1),(632,1,'Nissan','Sentra',2012,'hybryda',157450,'11144.39','dostępny po zamówieniu',1),(633,2,'Audi','Cabriolet',1995,'hybryda',59391,'98933.46','dostępny od ręki',0),(634,3,'Jaguar','S-Type',NULL,NULL,NULL,'90027.92','dostępny po zamówieniu',0),(635,1,'Cadillac','STS',NULL,NULL,NULL,'56345.27','dostępny od ręki',1),(636,1,'BMW','Z8',2001,'diesel',300568,'81822.89','dostępny po zamówieniu',0),(637,3,'Porsche','Cayman',2012,'hybryda',422499,'40138.66','dostępny od ręki',1),(638,1,'Nissan','350Z',2006,'benzyna',136831,'42136.46','dostępny po zamówieniu',0),(639,2,'Volvo','XC90',2003,'benzyna + CNG',430727,'30453.09','dostępny pod innym adresem',1),(640,2,'Aston Martin','DBS',2011,'benzyna + LPG',191194,'89207.18','dostępny pod innym adresem',0),(641,1,'Mercedes-Benz','CLK-Class',2008,'diesel',116604,'26123.43','dostępny pod innym adresem',0),(642,2,'GMC','Envoy XL',NULL,NULL,NULL,'26504.4','dostępny od ręki',0),(643,2,'Scion','xD',2011,'hybryda',400603,'35515.55','dostępny od ręki',1),(644,1,'Saab','9-7X',2005,'hybryda',210604,'74689.87','dostępny od ręki',1),(645,3,'Mercedes-Benz','CLK-Class',2005,'elektryczny',287663,'52575.5','dostępny pod innym adresem',0),(646,2,'Audi','S6',2007,'elektryczny',85021,'19391.65','dostępny pod innym adresem',0),(647,3,'Dodge','Neon',1997,'hybryda',115379,'8650.7','dostępny od ręki',1),(648,2,'Volkswagen','Golf',2000,'elektryczny',163492,'34280.16','dostępny po zamówieniu',0),(649,1,'BMW','Z4 M',2007,'benzyna + LPG',377855,'71588.65','dostępny pod innym adresem',1),(650,3,'Jeep','Wrangler',2003,'benzyna',353698,'2596.74','dostępny od ręki',1),(651,1,'Mercedes-Benz','CLK-Class',1999,'elektryczny',384668,'72933.88','dostępny po zamówieniu',1),(652,1,'Volkswagen','rio',1999,'benzyna',489971,'85647.8','dostępny po zamówieniu',1),(653,2,'Mitsubishi','Mirage',1999,'benzyna',66614,'25405.07','dostępny od ręki',1),(654,1,'Buick','Coachbuilder',NULL,NULL,NULL,'12748.82','dostępny pod innym adresem',1),(655,1,'Infiniti','EX',NULL,NULL,NULL,'82778.11','dostępny po zamówieniu',0),(656,3,'Suzuki','XL-7',NULL,NULL,NULL,'31616.52','dostępny od ręki',1),(657,1,'Mazda','B-Series',2003,'benzyna + CNG',308814,'35316.64','dostępny po zamówieniu',0),(658,3,'GMC','Envoy',2005,'elektryczny',77295,'30932.22','dostępny pod innym adresem',1),(659,1,'Dodge','Dakota',1993,'hybryda',120941,'21667.36','dostępny po zamówieniu',1),(660,3,'GMC','Savana 1500',NULL,NULL,NULL,'29119.56','dostępny po zamówieniu',1),(661,3,'Pontiac','GTO',NULL,NULL,NULL,'46589.53','dostępny od ręki',0),(662,3,'Ford','Mustang',NULL,NULL,NULL,'26116.42','dostępny pod innym adresem',1),(663,1,'Chevrolet','Lumina',NULL,NULL,NULL,'57513.24','dostępny od ręki',0),(664,2,'Nissan','NV2500',2012,'benzyna + LPG',340542,'88999.81','dostępny po zamówieniu',0),(665,1,'Nissan','Maxima',2012,'elektryczny',130095,'87165.07','dostępny pod innym adresem',0),(666,1,'Lincoln','Town Car',1988,'benzyna + LPG',396635,'98930.14','dostępny po zamówieniu',0),(667,3,'Honda','CR-V',1999,'hybryda',64394,'67264.8','dostępny od ręki',0),(668,1,'Dodge','Aries',1981,'benzyna',370790,'75592.39','dostępny po zamówieniu',1),(669,2,'Nissan','Pathfinder',NULL,NULL,NULL,'56004.75','dostępny pod innym adresem',0),(670,2,'Mercedes-Benz','SLK-Class',2003,'benzyna + LPG',472253,'64523.85','dostępny pod innym adresem',1),(671,1,'Oldsmobile','Bravada',1993,'elektryczny',421892,'22835.48','dostępny od ręki',1),(672,3,'Volkswagen','GTI',1985,'elektryczny',180553,'19609.07','dostępny pod innym adresem',1),(673,3,'GMC','Jimmy',1997,'diesel',216532,'56575.51','dostępny po zamówieniu',0),(674,2,'Toyota','T100 Xtra',NULL,NULL,NULL,'33953.7','dostępny pod innym adresem',1),(675,3,'Ford','Taurus',2011,'hybryda',252388,'34932.81','dostępny od ręki',1),(676,3,'Land Rover','Range Rover',1998,'diesel',308677,'16523.68','dostępny pod innym adresem',1),(677,1,'Honda','CR-V',2010,'elektryczny',328905,'71541.63','dostępny pod innym adresem',1),(678,1,'Porsche','Panamera',2013,'elektryczny',359730,'37338.13','dostępny pod innym adresem',0),(679,1,'Dodge','D350',1993,'benzyna + LPG',435487,'87526.48','dostępny pod innym adresem',1),(680,3,'Jeep','Cherokee',1993,'benzyna + CNG',318972,'63512.34','dostępny pod innym adresem',0),(681,3,'BMW','M3',2002,'benzyna + CNG',270602,'95111.06','dostępny pod innym adresem',0),(682,3,'Land Rover','LR4',2011,'benzyna + LPG',69091,'29373.53','dostępny po zamówieniu',1),(683,1,'Mitsubishi','Sigma',NULL,NULL,NULL,'2437.64','dostępny od ręki',1),(684,1,'Isuzu','Rodeo',NULL,NULL,NULL,'1056.74','dostępny po zamówieniu',0),(685,2,'Toyota','TundraMax',NULL,NULL,NULL,'48436.15','dostępny od ręki',1),(686,1,'Volkswagen','Jetta',2002,'diesel',442183,'30632.66','dostępny od ręki',1),(687,1,'Chevrolet','APV',1993,'hybryda',342797,'34502.78','dostępny po zamówieniu',1),(688,1,'Honda','CR-V',NULL,NULL,NULL,'8826.04','dostępny po zamówieniu',0),(689,2,'Chrysler','Sebring',NULL,NULL,NULL,'19817.82','dostępny od ręki',0),(690,1,'Ford','Aerostar',NULL,NULL,NULL,'86101.8','dostępny od ręki',0),(691,3,'Mazda','RX-7',NULL,NULL,NULL,'71776.76','dostępny po zamówieniu',1),(692,1,'Honda','Passport',NULL,NULL,NULL,'37464.41','dostępny od ręki',1),(693,2,'GMC','Rally Wagon G2500',1995,'hybryda',68696,'51188.82','dostępny od ręki',0),(694,3,'Chevrolet','Malibu',2009,'benzyna + CNG',451165,'17216.23','dostępny od ręki',0),(695,2,'Ford','Five Hundred',2005,'elektryczny',104519,'87071.31','dostępny od ręki',1),(696,3,'Ford','Ranger',1998,'elektryczny',382035,'87003.11','dostępny po zamówieniu',0),(697,2,'Mazda','Familia',1986,'benzyna + CNG',151084,'90460.39','dostępny po zamówieniu',1),(698,2,'Land Rover','Range Rover',1989,'elektryczny',134288,'28172.05','dostępny od ręki',1),(699,1,'Honda','del Sol',1997,'diesel',165182,'31127.87','dostępny od ręki',0),(700,2,'Chevrolet','Tahoe',NULL,NULL,NULL,'84699.83','dostępny po zamówieniu',1),(701,1,'Oldsmobile','Bravada',NULL,NULL,NULL,'24901.32','dostępny pod innym adresem',1),(702,2,'Cadillac','SRX',2010,'benzyna + CNG',198896,'42737.95','dostępny od ręki',0),(703,3,'Toyota','Sequoia',2004,'benzyna + CNG',302922,'33455.78','dostępny od ręki',1),(704,2,'Ford','Flex',NULL,NULL,NULL,'26820.75','dostępny po zamówieniu',0),(705,1,'Subaru','Loyale',1992,'hybryda',207378,'8296.75','dostępny od ręki',1),(706,3,'Ford','Taurus',2003,'elektryczny',280677,'53406.19','dostępny po zamówieniu',1),(707,2,'Saturn','VUE',2002,'elektryczny',135048,'28595.06','dostępny po zamówieniu',1),(708,1,'Mercury','Mountaineer',2000,'hybryda',259216,'4443.74','dostępny od ręki',0),(709,3,'Chevrolet','Monte Carlo',2002,'hybryda',324594,'69961.47','dostępny pod innym adresem',0),(710,1,'Chevrolet','Cavalier',NULL,NULL,NULL,'9060.98','dostępny po zamówieniu',0),(711,3,'Mercedes-Benz','SLR McLaren',2005,'benzyna + CNG',227850,'94838.2','dostępny od ręki',0),(712,3,'Studebaker','Avanti',1963,'benzyna',134253,'73606.87','dostępny po zamówieniu',0),(713,1,'Toyota','Tacoma',1995,'benzyna + CNG',148373,'4118.75','dostępny pod innym adresem',0),(714,2,'Mazda','B-Series',NULL,NULL,NULL,'20022.92','dostępny od ręki',1),(715,3,'Audi','riolet',1994,'benzyna',107279,'10534.18','dostępny od ręki',1),(716,3,'Volkswagen','Phaeton',NULL,NULL,NULL,'5560.93','dostępny pod innym adresem',1),(717,1,'Ford','E150',2009,'diesel',257556,'50260.75','dostępny od ręki',0),(718,2,'Pontiac','Firebird',1968,'diesel',154685,'71160.61','dostępny po zamówieniu',0),(719,2,'Lamborghini','Diablo',1997,'diesel',116219,'55135.03','dostępny po zamówieniu',1),(720,3,'Mercedes-Benz','SL-Class',NULL,NULL,NULL,'46737.69','dostępny pod innym adresem',0),(721,3,'Lexus','LS',1996,'benzyna + LPG',334629,'39004.99','dostępny po zamówieniu',0),(722,2,'Oldsmobile','98',1996,'benzyna + LPG',358624,'9434.14','dostępny pod innym adresem',1),(723,2,'Mercedes-Benz','SL-Class',NULL,NULL,NULL,'82544.73','dostępny po zamówieniu',1),(724,3,'Dodge','Ram 1500 Club',NULL,NULL,NULL,'61274.55','dostępny od ręki',0),(725,1,'Hummer','H3',NULL,NULL,NULL,'58236.66','dostępny po zamówieniu',1),(726,3,'Oldsmobile','88',NULL,NULL,NULL,'56058.19','dostępny pod innym adresem',1),(727,3,'Dodge','Grand Caravan',NULL,NULL,NULL,'87003.41','dostępny pod innym adresem',0),(728,3,'Ford','Taurus',2000,'elektryczny',275041,'46549.11','dostępny od ręki',1),(729,1,'Ford','Tempo',1994,'elektryczny',148040,'3455.11','dostępny po zamówieniu',1),(730,1,'Subaru','SVX',NULL,NULL,NULL,'78963.91','dostępny pod innym adresem',1),(731,1,'Mitsubishi','Mirage',1999,'elektryczny',111848,'7750.07','dostępny pod innym adresem',1),(732,2,'Volkswagen','GTI',NULL,NULL,NULL,'14730.19','dostępny pod innym adresem',1),(733,3,'GMC','2500 Club Coupe',1992,'benzyna + CNG',415263,'34701.44','dostępny pod innym adresem',0),(734,2,'Pontiac','Vibe',NULL,NULL,NULL,'43360.83','dostępny po zamówieniu',1),(735,3,'Volkswagen','Jetta',1990,'benzyna + LPG',128120,'18363.29','dostępny od ręki',1),(736,1,'Land Rover','Discovery',2005,'elektryczny',291337,'61229.18','dostępny po zamówieniu',0),(737,2,'Toyota','Tacoma',NULL,NULL,NULL,'71790.79','dostępny po zamówieniu',0),(738,3,'Infiniti','G35',NULL,NULL,NULL,'48381.88','dostępny pod innym adresem',1),(739,2,'Ford','Mustang',NULL,NULL,NULL,'96303.61','dostępny po zamówieniu',1),(740,3,'Nissan','Maxima',1997,'hybryda',139685,'98446.61','dostępny od ręki',0),(741,3,'Buick','Skyhawk',NULL,NULL,NULL,'21206.86','dostępny po zamówieniu',0),(742,2,'Volvo','V50',2008,'benzyna + LPG',274150,'82921.35','dostępny pod innym adresem',0),(743,2,'Chevrolet','Cavalier',1996,'hybryda',421914,'45950.13','dostępny pod innym adresem',1),(744,1,'Ford','Taurus',1996,'hybryda',82301,'48872.72','dostępny pod innym adresem',1),(745,1,'Lincoln','Aviator',2004,'diesel',196583,'96306.18','dostępny od ręki',0),(746,1,'Dodge','Charger',2006,'elektryczny',98853,'9460.71','dostępny pod innym adresem',0),(747,3,'Volvo','960',1994,'benzyna + LPG',458717,'72377.58','dostępny po zamówieniu',1),(748,3,'Land Rover','LR2',2012,'diesel',341102,'79558.88','dostępny od ręki',1),(749,2,'Chevrolet','Colorado',NULL,NULL,NULL,'46711.06','dostępny pod innym adresem',1),(750,3,'Jaguar','XJ Series',1995,'elektryczny',245284,'98994.93','dostępny od ręki',1),(751,1,'Volkswagen','GTI',NULL,NULL,NULL,'98511.57','dostępny od ręki',1),(752,2,'Mercury','Sable',1991,'benzyna',238863,'8746.19','dostępny po zamówieniu',0),(753,1,'Morgan','Aero 8',2009,'benzyna + LPG',369661,'6211.55','dostępny po zamówieniu',0),(754,3,'BMW','Z4',2012,'benzyna + LPG',476565,'7793.96','dostępny od ręki',0),(755,3,'Mitsubishi','Precis',1993,'diesel',327203,'39246.05','dostępny od ręki',0),(756,1,'Saab','9000',NULL,NULL,NULL,'65059.51','dostępny pod innym adresem',0),(757,2,'Chevrolet','Express 3500',2000,'diesel',344350,'72011.71','dostępny od ręki',1),(758,1,'Bentley','Continental GT',2012,'benzyna',153334,'74514.34','dostępny pod innym adresem',1),(759,3,'Chevrolet','Corvair 500',NULL,NULL,NULL,'9501.79','dostępny pod innym adresem',0),(760,3,'Ford','Expedition',2010,'hybryda',477328,'79759.7','dostępny od ręki',1),(761,1,'Toyota','4Runner',2004,'hybryda',366292,'52957.89','dostępny pod innym adresem',0),(762,2,'Pontiac','Firebird',NULL,NULL,NULL,'32079.6','dostępny po zamówieniu',0),(763,1,'Chevrolet','Cavalier',1996,'benzyna + LPG',295925,'94643.32','dostępny po zamówieniu',1),(764,1,'Ford','Focus',2001,'elektryczny',196673,'47681.75','dostępny pod innym adresem',0),(765,2,'Mercury','Sable',NULL,NULL,NULL,'65309.81','dostępny pod innym adresem',0),(766,1,'BMW','530',2003,'benzyna + CNG',375060,'24122.78','dostępny po zamówieniu',1),(767,2,'Chevrolet','Astro',2003,'elektryczny',438029,'33245.29','dostępny pod innym adresem',0),(768,1,'Ford','Mustang',2007,'benzyna + CNG',189167,'70320.41','dostępny pod innym adresem',1),(769,1,'Saturn','Outlook',2009,'benzyna + CNG',69527,'91491.19','dostępny od ręki',0),(770,2,'Oldsmobile','Achieva',1997,'elektryczny',295315,'88039.05','dostępny po zamówieniu',1),(771,3,'Ford','Festiva',1993,'diesel',433679,'60642.59','dostępny od ręki',1),(772,1,'Audi','Quattro',NULL,NULL,NULL,'80191.28','dostępny pod innym adresem',1),(773,1,'Nissan','Maxima',1992,'elektryczny',64466,'20595.3','dostępny od ręki',1),(774,3,'Volvo','XC70',NULL,NULL,NULL,'20616.3','dostępny po zamówieniu',1),(775,3,'Isuzu','Oasis',1999,'benzyna + LPG',202353,'20798.46','dostępny po zamówieniu',0),(776,3,'Chevrolet','Astro',1993,'benzyna + CNG',388155,'10218.84','dostępny od ręki',1),(777,3,'Cadillac','DeVille',NULL,NULL,NULL,'44842.5','dostępny po zamówieniu',1),(778,1,'Volkswagen','GTI',1995,'hybryda',287658,'51365.25','dostępny od ręki',0),(779,1,'GMC','Yukon',2002,'elektryczny',335600,'5927.91','dostępny od ręki',0),(780,1,'Dodge','Ram Van B250',NULL,NULL,NULL,'51070.9','dostępny pod innym adresem',1),(781,3,'Mercedes-Benz','E-Class',2011,'benzyna + LPG',98747,'38805.35','dostępny po zamówieniu',1),(782,3,'Pontiac','Sunfire',1997,'hybryda',77906,'53037.77','dostępny po zamówieniu',1),(783,1,'Honda','Ridgeline',2007,'benzyna + CNG',201914,'7674.28','dostępny pod innym adresem',0),(784,3,'Ford','E150',1984,'benzyna + LPG',194714,'82791.44','dostępny pod innym adresem',1),(785,1,'Volvo','C70',NULL,NULL,NULL,'86793.08','dostępny od ręki',0),(786,2,'Chevrolet','G-Series G30',1996,'benzyna + LPG',228639,'30204.4','dostępny od ręki',1),(787,1,'Honda','Pilot',NULL,NULL,NULL,'48581.64','dostępny od ręki',0),(788,3,'Lamborghini','Murciélago',NULL,NULL,NULL,'86464.68','dostępny od ręki',1),(789,3,'GMC','Jimmy',1998,'benzyna + LPG',433280,'29410.17','dostępny od ręki',0),(790,1,'Mercedes-Benz','S-Class',NULL,NULL,NULL,'25660.12','dostępny pod innym adresem',1),(791,3,'Plymouth','Voyager',NULL,NULL,NULL,'64833.85','dostępny od ręki',1),(792,3,'GMC','Vandura G2500',NULL,NULL,NULL,'30327.3','dostępny pod innym adresem',0),(793,1,'Mazda','Millenia',2002,'benzyna + LPG',437308,'55811.34','dostępny po zamówieniu',1),(794,3,'Mazda','RX-7',1988,'benzyna',244311,'87798.65','dostępny od ręki',0),(795,3,'Pontiac','Bonneville',1994,'diesel',121700,'59324.71','dostępny po zamówieniu',1),(796,1,'Toyota','Sienna',2010,'benzyna + CNG',238729,'59478.93','dostępny od ręki',1),(797,3,'Toyota','Tacoma',1999,'benzyna + CNG',70023,'58479.81','dostępny po zamówieniu',0),(798,3,'Land Rover','Defender Ice Edition',2010,'diesel',275432,'55115.74','dostępny pod innym adresem',0),(799,3,'Chrysler','Concorde',NULL,NULL,NULL,'56163.39','dostępny od ręki',0),(800,2,'Ford','Taurus',2012,'diesel',390185,'61703.97','dostępny od ręki',1),(801,2,'Volkswagen','New Beetle',NULL,NULL,NULL,'90945.01','dostępny od ręki',1),(802,1,'Hyundai','Accent',NULL,NULL,NULL,'22029.49','dostępny po zamówieniu',0),(803,3,'Chevrolet','Silverado 1500',2004,'diesel',274387,'82813.11','dostępny od ręki',0),(804,2,'Oldsmobile','Silhouette',2002,'hybryda',298906,'43393.47','dostępny od ręki',1),(805,3,'Toyota','Corolla',NULL,NULL,NULL,'38203.06','dostępny pod innym adresem',0),(806,1,'Honda','Passport',1994,'elektryczny',384233,'93952.51','dostępny pod innym adresem',1),(807,1,'Volvo','XC70',2011,'diesel',372536,'45227.21','dostępny pod innym adresem',0),(808,3,'Chevrolet','Express 2500',2010,'hybryda',58791,'83530.28','dostępny po zamówieniu',1),(809,3,'Bentley','Arnage',2007,'benzyna + LPG',190644,'80106.45','dostępny pod innym adresem',0),(810,1,'Audi','Q7',2007,'benzyna + CNG',418086,'20652.1','dostępny pod innym adresem',1),(811,1,'Volkswagen','Routan',2012,'elektryczny',92271,'86053.31','dostępny po zamówieniu',1),(812,1,'Lincoln','Town Car',NULL,NULL,NULL,'65766.19','dostępny od ręki',1),(813,2,'GMC','1500',1997,'benzyna + CNG',51668,'90260.04','dostępny od ręki',0),(814,2,'Corbin','Sparrow',2004,'diesel',350342,'19590.19','dostępny po zamówieniu',1),(815,2,'Chevrolet','Corsica',1994,'elektryczny',486293,'48140.76','dostępny pod innym adresem',0),(816,3,'Infiniti','M',NULL,NULL,NULL,'78232.31','dostępny po zamówieniu',0),(817,2,'Acura','MDX',2008,'benzyna + LPG',350950,'20911.96','dostępny pod innym adresem',1),(818,2,'Infiniti','QX56',NULL,NULL,NULL,'6302.45','dostępny po zamówieniu',1),(819,1,'Chevrolet','Colorado',NULL,NULL,NULL,'78362.71','dostępny pod innym adresem',0),(820,1,'Ford','F350',1993,'elektryczny',480981,'69983.49','dostępny od ręki',0),(821,3,'Ford','F-Series',NULL,NULL,NULL,'80854.74','dostępny po zamówieniu',1),(822,1,'Mercedes-Benz','GLK-Class',NULL,NULL,NULL,'5137.4','dostępny pod innym adresem',1),(823,3,'Volkswagen','Fox',1992,'diesel',318941,'75969.65','dostępny pod innym adresem',0),(824,2,'Chrysler','200',2012,'benzyna + LPG',247379,'84317.71','dostępny od ręki',0),(825,1,'Volvo','S70',2000,'benzyna + LPG',127627,'97246.87','dostępny po zamówieniu',0),(826,1,'Mitsubishi','Lancer',NULL,NULL,NULL,'45848.05','dostępny pod innym adresem',1),(827,2,'Ford','Econoline E150',1997,'benzyna',424038,'50335.95','dostępny od ręki',1),(828,2,'Geo','Metro',1996,'elektryczny',249806,'31566.53','dostępny od ręki',1),(829,3,'Honda','del Sol',NULL,NULL,NULL,'33707.55','dostępny pod innym adresem',0),(830,1,'Lexus','ES',NULL,NULL,NULL,'24191.0','dostępny pod innym adresem',0),(831,2,'Kia','Sedona',NULL,NULL,NULL,'84466.28','dostępny pod innym adresem',0),(832,3,'Ford','Fairlane',1966,'benzyna + CNG',476639,'91972.02','dostępny od ręki',0),(833,1,'Mitsubishi','Eclipse',NULL,NULL,NULL,'28587.66','dostępny od ręki',1),(834,1,'Mitsubishi','RVR',1994,'diesel',178127,'79286.91','dostępny pod innym adresem',0),(835,2,'Mercedes-Benz','CLS-Class',2010,'elektryczny',220808,'53847.69','dostępny po zamówieniu',0),(836,1,'Dodge','Dakota',2002,'hybryda',133541,'57761.43','dostępny od ręki',0),(837,1,'Chevrolet','Silverado 2500',2010,'benzyna + LPG',276154,'51174.75','dostępny od ręki',1),(838,3,'GMC','Sonoma',2002,'benzyna + CNG',89558,'36324.94','dostępny pod innym adresem',1),(839,3,'Mercedes-Benz','CLK-Class',NULL,NULL,NULL,'59258.52','dostępny od ręki',1),(840,3,'Chevrolet','Avalanche',NULL,NULL,NULL,'62071.73','dostępny po zamówieniu',1),(841,1,'Nissan','Altima',2004,'benzyna + CNG',191832,'79237.59','dostępny po zamówieniu',1),(842,3,'Lexus','SC',NULL,NULL,NULL,'77492.77','dostępny od ręki',1),(843,1,'Lincoln','Mark VIII',1996,'benzyna',69791,'64221.19','dostępny po zamówieniu',1),(844,1,'Chevrolet','Corsica',1995,'benzyna + LPG',161839,'40260.74','dostępny po zamówieniu',1),(845,1,'Dodge','Nitro',2008,'benzyna',434311,'20725.99','dostępny od ręki',1),(846,1,'Ford','Taurus',1994,'benzyna',60887,'41427.6','dostępny po zamówieniu',0),(847,1,'Toyota','RAV4',NULL,NULL,NULL,'80614.87','dostępny po zamówieniu',0),(848,2,'Kia','Spectra',NULL,NULL,NULL,'78307.82','dostępny po zamówieniu',1),(849,1,'Mercedes-Benz','SL-Class',NULL,NULL,NULL,'32174.84','dostępny po zamówieniu',1),(850,2,'Pontiac','Firefly',1984,'benzyna + CNG',249305,'40066.5','dostępny od ręki',0),(851,1,'BMW','M3',NULL,NULL,NULL,'60349.48','dostępny pod innym adresem',0),(852,1,'BMW','5 Series',2002,'benzyna + LPG',353236,'12548.93','dostępny po zamówieniu',1),(853,3,'Chevrolet','Cavalier',NULL,NULL,NULL,'66455.34','dostępny od ręki',1),(854,3,'Ford','Econoline E350',1996,'benzyna + LPG',385005,'90044.43','dostępny od ręki',0),(855,1,'Honda','Pilot',2003,'hybryda',175675,'15881.32','dostępny po zamówieniu',0),(856,2,'BMW','8 Series',NULL,NULL,NULL,'72468.7','dostępny po zamówieniu',0),(857,3,'Saab','9000',1994,'diesel',89827,'95947.51','dostępny po zamówieniu',1),(858,2,'Pontiac','Sunbird',1983,'benzyna',268741,'87353.65','dostępny od ręki',0),(859,3,'Acura','NSX',1992,'benzyna + LPG',376179,'12522.12','dostępny po zamówieniu',1),(860,3,'Lotus','Esprit',1999,'benzyna',225132,'15118.96','dostępny po zamówieniu',1),(861,1,'Chevrolet','Express 1500',NULL,NULL,NULL,'17922.03','dostępny po zamówieniu',0),(862,2,'Chevrolet','Avalanche 1500',2005,'elektryczny',450394,'64276.7','dostępny po zamówieniu',1),(863,3,'Lamborghini','Diablo',1990,'hybryda',69809,'33861.41','dostępny od ręki',0),(864,2,'Nissan','Frontier',1998,'elektryczny',493867,'71740.79','dostępny od ręki',0),(865,3,'Mitsubishi','GTO',1993,'benzyna + LPG',217562,'64669.68','dostępny po zamówieniu',0),(866,2,'BMW','M5',NULL,NULL,NULL,'95987.08','dostępny po zamówieniu',1),(867,2,'GMC','Sonoma Club Coupe',1993,'diesel',317020,'28831.14','dostępny po zamówieniu',0),(868,1,'Mercedes-Benz','E-Class',NULL,NULL,NULL,'94802.15','dostępny po zamówieniu',1),(869,2,'Pontiac','Sunbird',1985,'benzyna',170954,'95930.95','dostępny pod innym adresem',0),(870,2,'Mitsubishi','Challenger',NULL,NULL,NULL,'97118.41','dostępny po zamówieniu',1),(871,2,'Pontiac','Montana',2001,'benzyna + CNG',354854,'11647.93','dostępny po zamówieniu',1),(872,1,'Isuzu','VehiCROSS',NULL,NULL,NULL,'15845.81','dostępny od ręki',1),(873,2,'Pontiac','Grand Prix',NULL,NULL,NULL,'10025.82','dostępny po zamówieniu',1),(874,3,'Toyota','4Runner',2001,'benzyna',258065,'97242.78','dostępny po zamówieniu',0),(875,1,'Pontiac','Grand Am',1999,'diesel',210380,'41720.23','dostępny od ręki',1),(876,2,'Acura','SLX',1996,'hybryda',446071,'25965.58','dostępny po zamówieniu',0),(877,1,'GMC','2500 Club Coupe',1993,'benzyna',129469,'93402.91','dostępny od ręki',0),(878,2,'Dodge','Charger',2007,'benzyna + LPG',303178,'27952.48','dostępny pod innym adresem',0),(879,3,'Hyundai','Genesis',2009,'elektryczny',446592,'11715.35','dostępny po zamówieniu',1),(880,2,'Cadillac','Escalade EXT',2004,'elektryczny',307139,'25156.24','dostępny od ręki',1),(881,3,'Chevrolet','Corvette',1989,'benzyna + LPG',484901,'83623.05','dostępny po zamówieniu',1),(882,3,'Eagle','Vision',1994,'hybryda',152789,'12936.23','dostępny po zamówieniu',0),(883,1,'GMC','Suburban 2500',1993,'benzyna',56483,'58186.91','dostępny pod innym adresem',1),(884,1,'GMC','Sonoma Club Coupe',NULL,NULL,NULL,'12875.18','dostępny po zamówieniu',0),(885,1,'Mitsubishi','GTO',1997,'elektryczny',428679,'3705.64','dostępny pod innym adresem',1),(886,2,'GMC','Yukon',2000,'benzyna',488643,'66526.65','dostępny od ręki',1),(887,3,'BMW','5 Series',1999,'elektryczny',67902,'4703.18','dostępny pod innym adresem',0),(888,3,'Buick','Park Avenue',NULL,NULL,NULL,'43521.98','dostępny po zamówieniu',0),(889,3,'Mercedes-Benz','G-Class',2009,'benzyna + CNG',411557,'19716.94','dostępny od ręki',1),(890,1,'Chevrolet','Blazer',NULL,NULL,NULL,'27663.3','dostępny pod innym adresem',1),(891,1,'Dodge','Stratus',2001,'elektryczny',238707,'27600.81','dostępny pod innym adresem',1),(892,2,'GMC','Sierra 2500',2007,'benzyna + CNG',268413,'41353.2','dostępny po zamówieniu',0),(893,1,'Kia','Sportage',NULL,NULL,NULL,'40141.1','dostępny od ręki',0),(894,2,'Mercedes-Benz','E-Class',NULL,NULL,NULL,'84289.98','dostępny od ręki',1),(895,2,'Mercedes-Benz','CL-Class',2006,'elektryczny',178064,'94604.58','dostępny po zamówieniu',1),(896,3,'Mazda','Tribute',NULL,NULL,NULL,'39412.23','dostępny pod innym adresem',1),(897,3,'Honda','Prelude',1986,'benzyna + CNG',380733,'87736.34','dostępny pod innym adresem',1),(898,2,'Acura','TSX',2009,'diesel',81418,'55726.35','dostępny pod innym adresem',0),(899,1,'Infiniti','G35',2007,'benzyna + CNG',241480,'23573.13','dostępny po zamówieniu',1),(900,1,'Dodge','Ram Van B350',1993,'benzyna + LPG',153245,'77276.23','dostępny pod innym adresem',1),(901,3,'Suzuki','Sidekick',1991,'elektryczny',423805,'19521.95','dostępny pod innym adresem',0),(902,2,'Nissan','Xterra',NULL,NULL,NULL,'65142.99','dostępny po zamówieniu',0),(903,1,'Cadillac','Escalade EXT',NULL,NULL,NULL,'48852.07','dostępny po zamówieniu',1),(904,3,'Audi','R8',NULL,NULL,NULL,'42260.88','dostępny po zamówieniu',0),(905,3,'Mercedes-Benz','M-Class',2010,'benzyna',273088,'89300.95','dostępny po zamówieniu',0),(906,3,'BMW','750',2006,'benzyna + LPG',270742,'95246.07','dostępny od ręki',0),(907,3,'Mazda','B-Series',1997,'hybryda',59340,'22291.48','dostępny po zamówieniu',1),(908,1,'Aston Martin','DB9 Volante',2006,'diesel',98764,'66053.18','dostępny pod innym adresem',1),(909,2,'Honda','CR-V',NULL,NULL,NULL,'56087.89','dostępny po zamówieniu',0),(910,2,'Lincoln','Navigator',2011,'hybryda',56232,'80676.58','dostępny od ręki',0),(911,2,'Chevrolet','Suburban 2500',NULL,NULL,NULL,'40011.51','dostępny od ręki',1),(912,2,'Toyota','Celica',1996,'benzyna',296045,'14612.27','dostępny od ręki',1),(913,3,'Geo','Storm',NULL,NULL,NULL,'48795.31','dostępny od ręki',1),(914,1,'Plymouth','Voyager',2000,'benzyna + CNG',160903,'69966.82','dostępny po zamówieniu',0),(915,3,'Pontiac','GTO',1973,'elektryczny',476793,'94161.68','dostępny po zamówieniu',0),(916,1,'Ford','F150',1999,'hybryda',154253,'37292.62','dostępny pod innym adresem',0),(917,2,'Hyundai','Sonata',NULL,NULL,NULL,'7505.2','dostępny od ręki',1),(918,2,'Toyota','Sienna',NULL,NULL,NULL,'65688.59','dostępny po zamówieniu',0),(919,2,'Dodge','Charger',1968,'hybryda',136504,'15681.62','dostępny od ręki',0),(920,1,'Saturn','Relay',NULL,NULL,NULL,'21701.82','dostępny od ręki',0),(921,3,'Lamborghini','Murciélago',NULL,NULL,NULL,'88624.83','dostępny od ręki',1),(922,2,'Chevrolet','Prizm',NULL,NULL,NULL,'28183.25','dostępny pod innym adresem',0),(923,3,'GMC','1500 Club Coupe',1999,'diesel',473671,'46177.13','dostępny po zamówieniu',1),(924,2,'Nissan','Titan',NULL,NULL,NULL,'43654.77','dostępny od ręki',1),(925,1,'Lexus','GS',NULL,NULL,NULL,'25139.34','dostępny po zamówieniu',0),(926,3,'Pontiac','Trans Sport',1990,'hybryda',66246,'79535.94','dostępny po zamówieniu',0),(927,1,'Kia','Spectra',2003,'hybryda',485319,'17737.23','dostępny po zamówieniu',0),(928,2,'Ford','Explorer Sport',2002,'benzyna + CNG',294926,'94475.91','dostępny pod innym adresem',0),(929,3,'Porsche','Boxster',NULL,NULL,NULL,'73869.32','dostępny pod innym adresem',0),(930,2,'Dodge','Intrepid',1994,'benzyna + LPG',50370,'93932.09','dostępny od ręki',1),(931,3,'Pontiac','Grand Prix',NULL,NULL,NULL,'5281.54','dostępny od ręki',1),(932,3,'Saturn','Ion',2007,'elektryczny',467812,'80826.88','dostępny pod innym adresem',1),(933,2,'Dodge','Avenger',1998,'elektryczny',93367,'65869.26','dostępny pod innym adresem',1),(934,2,'Ford','Bronco',1985,'benzyna + CNG',255758,'34546.76','dostępny po zamówieniu',1),(935,1,'GMC','Canyon',NULL,NULL,NULL,'81778.24','dostępny pod innym adresem',0),(936,1,'Ford','Focus',2003,'elektryczny',198935,'55342.25','dostępny po zamówieniu',1),(937,3,'Ford','Crown Victoria',NULL,NULL,NULL,'97558.35','dostępny od ręki',0),(938,1,'Pontiac','Tempest',1965,'benzyna + CNG',392900,'69812.42','dostępny od ręki',0),(939,3,'Chevrolet','Express',2007,'hybryda',452330,'86853.8','dostępny od ręki',1),(940,3,'Scion','tC',2013,'elektryczny',85715,'46636.08','dostępny pod innym adresem',0),(941,1,'Pontiac','Montana SV6',2006,'elektryczny',473823,'2728.03','dostępny po zamówieniu',1),(942,1,'Volkswagen','Jetta III',1995,'elektryczny',137486,'32408.04','dostępny po zamówieniu',0),(943,1,'Volkswagen','Touareg',2003,'diesel',334555,'88330.48','dostępny od ręki',0),(944,3,'GMC','Envoy',2002,'benzyna + LPG',466297,'78525.01','dostępny po zamówieniu',1),(945,3,'Acura','TSX',2011,'benzyna',257448,'26642.83','dostępny pod innym adresem',1),(946,1,'Ford','Club Wagon',NULL,NULL,NULL,'51414.79','dostępny od ręki',1),(947,3,'Lincoln','Zephyr',2006,'diesel',85155,'9496.43','dostępny pod innym adresem',0),(948,2,'Mazda','MX-5',NULL,NULL,NULL,'9339.78','dostępny po zamówieniu',1),(949,3,'Ford','Crown Victoria',2008,'diesel',280581,'91617.1','dostępny pod innym adresem',0),(950,2,'Volkswagen','Routan',2010,'benzyna',77513,'42546.48','dostępny po zamówieniu',1),(951,3,'Ford','Explorer Sport Trac',2000,'hybryda',58650,'90850.28','dostępny po zamówieniu',1),(952,2,'Dodge','Ram Van B250',1993,'benzyna + CNG',267424,'50860.03','dostępny od ręki',0),(953,1,'Saab','900',1987,'benzyna',250103,'56966.44','dostępny po zamówieniu',1),(954,2,'Pontiac','GTO',NULL,NULL,NULL,'19018.49','dostępny po zamówieniu',0),(955,2,'Pontiac','Tempest',NULL,NULL,NULL,'22568.03','dostępny od ręki',1),(956,1,'Dodge','Avenger',2008,'diesel',115040,'72760.82','dostępny od ręki',1),(957,3,'Saturn','S-Series',1999,'hybryda',493709,'96720.8','dostępny pod innym adresem',0),(958,1,'Mitsubishi','Galant',NULL,NULL,NULL,'48059.84','dostępny pod innym adresem',0),(959,2,'Honda','CR-V',NULL,NULL,NULL,'51623.69','dostępny pod innym adresem',0),(960,2,'Kia','Sportage',NULL,NULL,NULL,'8580.17','dostępny po zamówieniu',1),(961,3,'Hummer','H3',2009,'elektryczny',398325,'92970.56','dostępny od ręki',0),(962,3,'Audi','100',1992,'benzyna + LPG',426015,'41615.63','dostępny od ręki',0),(963,2,'GMC','Suburban 1500',1999,'elektryczny',208165,'26222.05','dostępny pod innym adresem',0),(964,3,'Toyota','4Runner',2006,'hybryda',68867,'18234.11','dostępny pod innym adresem',0),(965,2,'Lamborghini','Diablo',1991,'elektryczny',144265,'19401.87','dostępny od ręki',1),(966,2,'Chevrolet','Venture',2003,'benzyna',205048,'32172.48','dostępny po zamówieniu',0),(967,2,'Buick','Estate',NULL,NULL,NULL,'35011.52','dostępny po zamówieniu',0),(968,3,'Honda','del Sol',NULL,NULL,NULL,'96725.29','dostępny pod innym adresem',0),(969,3,'GMC','Sonoma Club Coupe',NULL,NULL,NULL,'98522.47','dostępny pod innym adresem',0),(970,1,'Chevrolet','Malibu',2001,'benzyna + LPG',239223,'52207.61','dostępny pod innym adresem',1),(971,3,'Volkswagen','GTI',NULL,NULL,NULL,'92158.17','dostępny po zamówieniu',1),(972,1,'Ford','Explorer',NULL,NULL,NULL,'81413.86','dostępny pod innym adresem',0),(973,2,'Mazda','MX-5',1996,'elektryczny',114948,'34164.86','dostępny pod innym adresem',1),(974,1,'Suzuki','Esteem',1997,'diesel',298792,'60252.84','dostępny od ręki',1),(975,2,'Mercury','Cougar',1967,'benzyna + CNG',452236,'53283.23','dostępny pod innym adresem',1),(976,3,'Toyota','Supra',1995,'diesel',465595,'22224.69','dostępny po zamówieniu',1),(977,3,'GMC','Envoy XUV',2004,'elektryczny',222187,'52717.08','dostępny od ręki',1),(978,3,'Chevrolet','Malibu',2003,'benzyna + CNG',168036,'41963.56','dostępny od ręki',1),(979,2,'Ford','Crown Victoria',2004,'benzyna + LPG',70236,'81130.49','dostępny od ręki',1),(980,2,'Mitsubishi','Cordia',1987,'benzyna + LPG',315134,'88058.65','dostępny po zamówieniu',0),(981,2,'Ford','Ranger',NULL,NULL,NULL,'71939.26','dostępny pod innym adresem',0),(982,3,'Porsche','Cayenne',2009,'benzyna + LPG',136697,'85838.54','dostępny po zamówieniu',0),(983,1,'Mercedes-Benz','500E',NULL,NULL,NULL,'92202.21','dostępny od ręki',0),(984,3,'Buick','Skylark',NULL,NULL,NULL,'45495.22','dostępny pod innym adresem',0),(985,2,'Suzuki','Sidekick',NULL,NULL,NULL,'49921.26','dostępny pod innym adresem',1),(986,3,'Mercury','Topaz',1986,'benzyna',371629,'96664.28','dostępny po zamówieniu',1),(987,3,'BMW','8 Series',1995,'diesel',213518,'42167.59','dostępny po zamówieniu',1),(988,2,'Buick','Regal',2002,'elektryczny',174422,'44404.0','dostępny pod innym adresem',0),(989,3,'Chevrolet','Silverado 2500',2008,'elektryczny',79764,'37414.25','dostępny po zamówieniu',1),(990,2,'Dodge','Dakota Club',2006,'benzyna + CNG',147987,'94406.59','dostępny od ręki',1),(991,1,'Volkswagen','Jetta',NULL,NULL,NULL,'30643.94','dostępny po zamówieniu',1),(992,1,'Ford','Focus',2007,'hybryda',407304,'91243.69','dostępny po zamówieniu',0),(993,1,'Lincoln','Town Car',1987,'hybryda',128427,'92192.24','dostępny pod innym adresem',1),(994,2,'Lexus','ES',2000,'benzyna + CNG',261509,'21638.89','dostępny od ręki',1),(995,3,'Cadillac','Seville',1999,'elektryczny',499689,'24963.63','dostępny od ręki',1),(996,3,'Cadillac','Fleetwood',1996,'hybryda',382110,'91692.81','dostępny po zamówieniu',0),(997,3,'Subaru','Legacy',1991,'hybryda',228504,'49598.38','dostępny pod innym adresem',1),(998,3,'Audi','S4',NULL,NULL,NULL,'95219.22','dostępny po zamówieniu',0),(999,2,'Mercedes-Benz','500E',1993,'diesel',363178,'69007.31','dostępny pod innym adresem',1),(1000,3,'Mazda','RX-7',NULL,NULL,NULL,'80075.93','dostępny od ręki',0);
/*!40000 ALTER TABLE `car` ENABLE KEYS */;
UNLOCK TABLES;

--
-- Table structure for table `customer`
--


CREATE TABLE IF NOT EXISTS  `customer` (
  `customer_id` int NOT NULL AUTO_INCREMENT,
  `name` varchar(128) NOT NULL,
  `surname` varchar(128) NOT NULL,
  `phone` varchar(16) NOT NULL,
  `email` varchar(64) DEFAULT NULL,
  `address` varchar(256) DEFAULT NULL,
  `rental_id` int NOT NULL DEFAULT '1',
  PRIMARY KEY (`customer_id`),
  KEY `fk_customer_rental_idx` (`rental_id`),
  CONSTRAINT `customer_rental_fk` FOREIGN KEY (`rental_id`) REFERENCES `rental` (`rental_id`)
)  ENGINE=InnoDB AUTO_INCREMENT=7 DEFAULT CHARSET=utf8mb4 COLLATE=utf8mb4_unicode_ci;


--
-- Dumping data for table `customer`
--

LOCK TABLES `customer` WRITE;
/*!40000 ALTER TABLE `customer` DISABLE KEYS */;
INSERT INTO `customer` VALUES (4,'Tom','Riddle','312312313','voldermort@gmail.com','askdad asdasd adsa',1),(5,'Jan','Kowalski','12312','sasdasd12SA','ASD',2);
/*!40000 ALTER TABLE `customer` ENABLE KEYS */;
UNLOCK TABLES;

--
-- Table structure for table `employee`
--


CREATE TABLE IF NOT EXISTS  `employee` (
  `employee_id` int NOT NULL AUTO_INCREMENT,
  `rental_id` int NOT NULL,
  `name` varchar(64) NOT NULL,
  `surname` varchar(64) NOT NULL,
  `login` varchar(128) NOT NULL,
  `password` varchar(256) NOT NULL,
  `role` varchar(16) DEFAULT 'user',
  PRIMARY KEY (`employee_id`),
  KEY `employee_rental_idx` (`rental_id`),
  CONSTRAINT `employee_rental` FOREIGN KEY (`rental_id`) REFERENCES `rental` (`rental_id`)
)  ENGINE=InnoDB AUTO_INCREMENT=6 DEFAULT CHARSET=utf8mb4 COLLATE=utf8mb4_unicode_ci;


--
-- Dumping data for table `employee`
--

LOCK TABLES `employee` WRITE;
/*!40000 ALTER TABLE `employee` DISABLE KEYS */;
INSERT INTO `employee` VALUES (1,1,'Jan','Kołolskej','admin','d033e22ae348aeb5660fc2140aec35850c4da997','admin'),(2,2,'Snaf','Snaforzowski','snaf','fcd8d8354205794fc0ca774b50a98309eb2fc618','user'),(3,1,'Ala','Makota','superadmin','889a3a791b3875cfae413574b53da4bb8a90d53e','superadmin'),(4,2,'ala','ala','ala','c6a378510e0ec1d7809694ebf1d5579f37b1642e','ADMIN'),(5,2,'ela','ela','ela','b0fdbed76d706227803a2ae34aaef7be6bafd1ac','ADMIN');
/*!40000 ALTER TABLE `employee` ENABLE KEYS */;
UNLOCK TABLES;

--
-- Table structure for table `rent`
--

CREATE TABLE IF NOT EXISTS  `rent` (
  `rent_id` int NOT NULL AUTO_INCREMENT,
  `car_id` int NOT NULL,
  `rent_date` date NOT NULL,
  `return_date` date NOT NULL,
  `customer_id` int NOT NULL,
  PRIMARY KEY (`rent_id`),
  KEY `rent_car_idx` (`car_id`),
  KEY `rent_customer_idx` (`customer_id`),
  CONSTRAINT `rent_car` FOREIGN KEY (`car_id`) REFERENCES `car` (`car_id`),
  CONSTRAINT `rent_customer` FOREIGN KEY (`customer_id`) REFERENCES `customer` (`customer_id`)
)  ENGINE=InnoDB DEFAULT CHARSET=utf8mb4 COLLATE=utf8mb4_unicode_ci;


--
-- Dumping data for table `rent`
--

LOCK TABLES `rent` WRITE;
/*!40000 ALTER TABLE `rent` DISABLE KEYS */;
/*!40000 ALTER TABLE `rent` ENABLE KEYS */;
UNLOCK TABLES;

--
-- Table structure for table `rental`
--


/*!40101 SET CHARACTER_SET_CLIENT=@OLD_CHARACTER_SET_CLIENT */;
/*!40101 SET CHARACTER_SET_RESULTS=@OLD_CHARACTER_SET_RESULTS */;
/*!40101 SET COLLATION_CONNECTION=@OLD_COLLATION_CONNECTION */;
